,FEvals,Fitness,Iteration,Restarts,State,Time,current_restart,max_iters
0,0,13.0,0,50,"[1, 0, 1, 0, 1, 1, 1, 1, 0, 1, 0, 1, 0, 1, 0, 0, 0, 0, 1, 0]",0.0001910150022013113,0,2048
1,1,13.0,1,50,"[1, 0, 1, 0, 1, 1, 1, 1, 0, 1, 0, 1, 0, 1, 0, 0, 0, 0, 1, 0]",0.004795501001353841,0,2048
2,3,15.0,2,50,"[1, 0, 1, 0, 1, 1, 1, 1, 0, 1, 0, 1, 0, 1, 0, 0, 1, 0, 1, 0]",0.009345054000732489,0,2048
3,5,15.0,4,50,"[1, 0, 1, 0, 1, 1, 1, 1, 0, 1, 0, 1, 0, 1, 0, 0, 1, 0, 1, 0]",0.01402234600391239,0,2048
4,10,17.0,8,50,"[1, 0, 1, 0, 1, 1, 0, 1, 0, 1, 0, 1, 0, 1, 0, 0, 1, 0, 1, 0]",0.019018074999621604,0,2048
5,18,17.0,16,50,"[1, 0, 1, 0, 1, 1, 0, 1, 0, 1, 0, 1, 0, 1, 0, 0, 1, 0, 1, 0]",0.024390149999817368,0,2048
6,34,17.0,32,50,"[1, 0, 1, 0, 1, 1, 0, 1, 0, 1, 0, 1, 0, 1, 0, 0, 1, 0, 1, 0]",0.030999834001704585,0,2048
7,66,17.0,64,50,"[1, 0, 1, 0, 1, 1, 0, 1, 0, 1, 0, 1, 0, 1, 0, 0, 1, 0, 1, 0]",0.040457103998051025,0,2048
8,130,17.0,128,50,"[1, 0, 1, 0, 1, 1, 0, 1, 0, 1, 0, 1, 0, 1, 0, 0, 1, 0, 1, 0]",0.05437114999949699,0,2048
9,209,17.0,256,50,"[1, 0, 1, 0, 1, 1, 0, 1, 0, 1, 0, 1, 0, 1, 0, 0, 1, 0, 1, 0]",0.07279391599877272,0,2048
10,209,17.0,512,50,"[1, 0, 1, 0, 1, 1, 0, 1, 0, 1, 0, 1, 0, 1, 0, 0, 1, 0, 1, 0]",0.07279391599877272,0,2048
11,209,17.0,1024,50,"[1, 0, 1, 0, 1, 1, 0, 1, 0, 1, 0, 1, 0, 1, 0, 0, 1, 0, 1, 0]",0.07279391599877272,0,2048
12,209,17.0,2048,50,"[1, 0, 1, 0, 1, 1, 0, 1, 0, 1, 0, 1, 0, 1, 0, 0, 1, 0, 1, 0]",0.07279391599877272,0,2048
13,209,7.0,0,50,"[0, 1, 1, 1, 0, 0, 1, 1, 1, 0, 0, 1, 1, 1, 1, 1, 0, 0, 0, 1]",0.07978736299992306,1,2048
14,211,9.0,1,50,"[0, 1, 1, 1, 0, 0, 1, 1, 1, 0, 0, 1, 0, 1, 1, 1, 0, 0, 0, 1]",0.08657577800477156,1,2048
15,212,9.0,2,50,"[0, 1, 1, 1, 0, 0, 1, 1, 1, 0, 0, 1, 0, 1, 1, 1, 0, 0, 0, 1]",0.09337951500492636,1,2048
16,215,11.0,4,50,"[0, 1, 1, 1, 0, 0, 1, 1, 1, 0, 0, 1, 0, 1, 1, 1, 0, 1, 0, 1]",0.10050274200330023,1,2048
17,219,11.0,8,50,"[0, 1, 1, 1, 0, 0, 1, 1, 1, 0, 0, 1, 0, 1, 1, 1, 0, 1, 0, 1]",0.10792121200211113,1,2048
18,228,13.0,16,50,"[0, 1, 0, 1, 0, 0, 1, 1, 1, 0, 0, 1, 0, 1, 1, 1, 0, 1, 0, 1]",0.11621734000073047,1,2048
19,246,17.0,32,50,"[0, 1, 0, 1, 0, 0, 1, 0, 1, 0, 0, 1, 0, 1, 0, 1, 0, 1, 0, 1]",0.12612490000174148,1,2048
20,278,17.0,64,50,"[0, 1, 0, 1, 0, 0, 1, 0, 1, 0, 0, 1, 0, 1, 0, 1, 0, 1, 0, 1]",0.13937711600010516,1,2048
21,342,17.0,128,50,"[0, 1, 0, 1, 0, 0, 1, 0, 1, 0, 0, 1, 0, 1, 0, 1, 0, 1, 0, 1]",0.1603054540028097,1,2048
22,440,17.0,256,50,"[0, 1, 0, 1, 0, 0, 1, 0, 1, 0, 0, 1, 0, 1, 0, 1, 0, 1, 0, 1]",0.1922498150015599,1,2048
23,440,17.0,512,50,"[0, 1, 0, 1, 0, 0, 1, 0, 1, 0, 0, 1, 0, 1, 0, 1, 0, 1, 0, 1]",0.1922498150015599,1,2048
24,440,17.0,1024,50,"[0, 1, 0, 1, 0, 0, 1, 0, 1, 0, 0, 1, 0, 1, 0, 1, 0, 1, 0, 1]",0.1922498150015599,1,2048
25,440,17.0,2048,50,"[0, 1, 0, 1, 0, 0, 1, 0, 1, 0, 0, 1, 0, 1, 0, 1, 0, 1, 0, 1]",0.1922498150015599,1,2048
26,440,10.0,0,50,"[0, 0, 1, 1, 0, 0, 1, 1, 1, 1, 1, 0, 1, 0, 1, 0, 0, 0, 1, 0]",0.20172661000106018,2,2048
27,441,10.0,1,50,"[0, 0, 1, 1, 0, 0, 1, 1, 1, 1, 1, 0, 1, 0, 1, 0, 0, 0, 1, 0]",0.21087303300009808,2,2048
28,442,10.0,2,50,"[0, 0, 1, 1, 0, 0, 1, 1, 1, 1, 1, 0, 1, 0, 1, 0, 0, 0, 1, 0]",0.2204559310048353,2,2048
29,445,12.0,4,50,"[0, 0, 1, 1, 0, 0, 1, 1, 0, 1, 1, 0, 1, 0, 1, 0, 0, 0, 1, 0]",0.23096853199967882,2,2048
30,449,12.0,8,50,"[0, 0, 1, 1, 0, 0, 1, 1, 0, 1, 1, 0, 1, 0, 1, 0, 0, 0, 1, 0]",0.2411097950025578,2,2048
31,457,12.0,16,50,"[0, 0, 1, 1, 0, 0, 1, 1, 0, 1, 1, 0, 1, 0, 1, 0, 0, 0, 1, 0]",0.25247325700183865,2,2048
32,474,13.0,32,50,"[1, 0, 1, 1, 0, 0, 1, 1, 0, 1, 1, 0, 1, 0, 1, 0, 0, 0, 1, 0]",0.26606278699910035,2,2048
33,507,15.0,64,50,"[1, 0, 1, 1, 0, 0, 1, 1, 0, 1, 1, 0, 1, 0, 1, 0, 1, 0, 1, 0]",0.28434364600252593,2,2048
34,571,15.0,128,50,"[1, 0, 1, 1, 0, 0, 1, 1, 0, 1, 1, 0, 1, 0, 1, 0, 1, 0, 1, 0]",0.31307506000302965,2,2048
35,686,15.0,256,50,"[1, 0, 1, 1, 0, 0, 1, 1, 0, 1, 1, 0, 1, 0, 1, 0, 1, 0, 1, 0]",0.3614374270036933,2,2048
36,686,15.0,512,50,"[1, 0, 1, 1, 0, 0, 1, 1, 0, 1, 1, 0, 1, 0, 1, 0, 1, 0, 1, 0]",0.3614374270036933,2,2048
37,686,15.0,1024,50,"[1, 0, 1, 1, 0, 0, 1, 1, 0, 1, 1, 0, 1, 0, 1, 0, 1, 0, 1, 0]",0.3614374270036933,2,2048
38,686,15.0,2048,50,"[1, 0, 1, 1, 0, 0, 1, 1, 0, 1, 1, 0, 1, 0, 1, 0, 1, 0, 1, 0]",0.3614374270036933,2,2048
39,686,7.0,0,50,"[1, 1, 1, 0, 0, 0, 0, 0, 0, 1, 1, 0, 0, 0, 1, 0, 0, 1, 0, 0]",0.37386175300343893,3,2048
40,687,7.0,1,50,"[1, 1, 1, 0, 0, 0, 0, 0, 0, 1, 1, 0, 0, 0, 1, 0, 0, 1, 0, 0]",0.3857418030020199,3,2048
41,688,7.0,2,50,"[1, 1, 1, 0, 0, 0, 0, 0, 0, 1, 1, 0, 0, 0, 1, 0, 0, 1, 0, 0]",0.397491520998301,3,2048
42,691,9.0,4,50,"[1, 1, 1, 0, 0, 0, 0, 1, 0, 1, 1, 0, 0, 0, 1, 0, 0, 1, 0, 0]",0.4097373359982157,3,2048
43,695,9.0,8,50,"[1, 1, 1, 0, 0, 0, 0, 1, 0, 1, 1, 0, 0, 0, 1, 0, 0, 1, 0, 0]",0.42262795900023775,3,2048
44,704,11.0,16,50,"[1, 1, 1, 0, 0, 1, 0, 1, 0, 1, 1, 0, 0, 0, 1, 0, 0, 1, 0, 0]",0.4371518850020948,3,2048
45,721,12.0,32,50,"[0, 1, 1, 0, 0, 1, 0, 1, 0, 1, 1, 0, 0, 0, 1, 0, 0, 1, 0, 0]",0.4546986729983473,3,2048
46,754,13.0,64,50,"[0, 1, 1, 0, 0, 1, 0, 1, 0, 1, 1, 0, 0, 0, 1, 0, 0, 1, 0, 1]",0.4784211560036056,3,2048
47,819,15.0,128,50,"[0, 1, 1, 0, 0, 1, 0, 1, 0, 1, 1, 0, 1, 0, 1, 0, 0, 1, 0, 1]",0.5159075539995683,3,2048
48,947,15.0,256,50,"[0, 1, 1, 0, 0, 1, 0, 1, 0, 1, 1, 0, 1, 0, 1, 0, 0, 1, 0, 1]",0.5841489900049055,3,2048
49,974,15.0,512,50,"[0, 1, 1, 0, 0, 1, 0, 1, 0, 1, 1, 0, 1, 0, 1, 0, 0, 1, 0, 1]",0.6119402710028226,3,2048
50,974,15.0,1024,50,"[0, 1, 1, 0, 0, 1, 0, 1, 0, 1, 1, 0, 1, 0, 1, 0, 0, 1, 0, 1]",0.6119402710028226,3,2048
51,974,15.0,2048,50,"[0, 1, 1, 0, 0, 1, 0, 1, 0, 1, 1, 0, 1, 0, 1, 0, 0, 1, 0, 1]",0.6119402710028226,3,2048
52,974,10.0,0,50,"[1, 0, 1, 0, 1, 1, 1, 0, 0, 1, 1, 1, 1, 0, 1, 0, 0, 0, 1, 1]",0.6268322320029256,4,2048
53,975,10.0,1,50,"[1, 0, 1, 0, 1, 1, 1, 0, 0, 1, 1, 1, 1, 0, 1, 0, 0, 0, 1, 1]",0.6418073829991044,4,2048
54,976,10.0,2,50,"[1, 0, 1, 0, 1, 1, 1, 0, 0, 1, 1, 1, 1, 0, 1, 0, 0, 0, 1, 1]",0.6566809520008974,4,2048
55,979,12.0,4,50,"[1, 0, 1, 0, 1, 1, 1, 0, 0, 1, 1, 1, 1, 0, 1, 0, 1, 0, 1, 1]",0.6720766600046773,4,2048
56,983,12.0,8,50,"[1, 0, 1, 0, 1, 1, 1, 0, 0, 1, 1, 1, 1, 0, 1, 0, 1, 0, 1, 1]",0.6882997499997145,4,2048
57,994,17.0,16,50,"[1, 0, 1, 0, 1, 0, 1, 0, 0, 1, 0, 1, 1, 0, 1, 0, 1, 0, 1, 0]",0.7068054390038014,4,2048
58,1010,17.0,32,50,"[1, 0, 1, 0, 1, 0, 1, 0, 0, 1, 0, 1, 1, 0, 1, 0, 1, 0, 1, 0]",0.7289103520015487,4,2048
59,1042,17.0,64,50,"[1, 0, 1, 0, 1, 0, 1, 0, 0, 1, 0, 1, 1, 0, 1, 0, 1, 0, 1, 0]",0.7590910740036634,4,2048
60,1106,17.0,128,50,"[1, 0, 1, 0, 1, 0, 1, 0, 0, 1, 0, 1, 1, 0, 1, 0, 1, 0, 1, 0]",0.8058722310015582,4,2048
61,1192,17.0,256,50,"[1, 0, 1, 0, 1, 0, 1, 0, 0, 1, 0, 1, 1, 0, 1, 0, 1, 0, 1, 0]",0.8670413119980367,4,2048
62,1192,17.0,512,50,"[1, 0, 1, 0, 1, 0, 1, 0, 0, 1, 0, 1, 1, 0, 1, 0, 1, 0, 1, 0]",0.8670413119980367,4,2048
63,1192,17.0,1024,50,"[1, 0, 1, 0, 1, 0, 1, 0, 0, 1, 0, 1, 1, 0, 1, 0, 1, 0, 1, 0]",0.8670413119980367,4,2048
64,1192,17.0,2048,50,"[1, 0, 1, 0, 1, 0, 1, 0, 0, 1, 0, 1, 1, 0, 1, 0, 1, 0, 1, 0]",0.8670413119980367,4,2048
65,1192,11.0,0,50,"[0, 0, 1, 1, 1, 0, 1, 1, 0, 0, 1, 0, 1, 0, 0, 1, 1, 1, 0, 1]",0.8845324499998242,5,2048
66,1193,11.0,1,50,"[0, 0, 1, 1, 1, 0, 1, 1, 0, 0, 1, 0, 1, 0, 0, 1, 1, 1, 0, 1]",0.9016424470028142,5,2048
67,1194,11.0,2,50,"[0, 0, 1, 1, 1, 0, 1, 1, 0, 0, 1, 0, 1, 0, 0, 1, 1, 1, 0, 1]",0.9187140690046363,5,2048
68,1196,11.0,4,50,"[0, 0, 1, 1, 1, 0, 1, 1, 0, 0, 1, 0, 1, 0, 0, 1, 1, 1, 0, 1]",0.9363627260026988,5,2048
69,1202,14.0,8,50,"[1, 0, 1, 0, 1, 0, 1, 1, 0, 0, 1, 0, 1, 0, 0, 1, 1, 1, 0, 1]",0.9552066730029765,5,2048
70,1210,14.0,16,50,"[1, 0, 1, 0, 1, 0, 1, 1, 0, 0, 1, 0, 1, 0, 0, 1, 1, 1, 0, 1]",0.9762187189990073,5,2048
71,1226,14.0,32,50,"[1, 0, 1, 0, 1, 0, 1, 1, 0, 0, 1, 0, 1, 0, 0, 1, 1, 1, 0, 1]",1.0019504529991536,5,2048
72,1259,16.0,64,50,"[1, 0, 1, 0, 1, 0, 1, 1, 0, 0, 1, 0, 1, 0, 0, 1, 0, 1, 0, 1]",1.0372368910029763,5,2048
73,1323,16.0,128,50,"[1, 0, 1, 0, 1, 0, 1, 1, 0, 0, 1, 0, 1, 0, 0, 1, 0, 1, 0, 1]",1.0921440649981378,5,2048
74,1433,16.0,256,50,"[1, 0, 1, 0, 1, 0, 1, 1, 0, 0, 1, 0, 1, 0, 0, 1, 0, 1, 0, 1]",1.1776277120006853,5,2048
75,1433,16.0,512,50,"[1, 0, 1, 0, 1, 0, 1, 1, 0, 0, 1, 0, 1, 0, 0, 1, 0, 1, 0, 1]",1.1776277120006853,5,2048
76,1433,16.0,1024,50,"[1, 0, 1, 0, 1, 0, 1, 1, 0, 0, 1, 0, 1, 0, 0, 1, 0, 1, 0, 1]",1.1776277120006853,5,2048
77,1433,16.0,2048,50,"[1, 0, 1, 0, 1, 0, 1, 1, 0, 0, 1, 0, 1, 0, 0, 1, 0, 1, 0, 1]",1.1776277120006853,5,2048
78,1433,8.0,0,50,"[1, 0, 0, 1, 0, 0, 1, 1, 1, 1, 0, 1, 1, 1, 1, 1, 0, 0, 0, 1]",1.1978433590047644,6,2048
79,1434,8.0,1,50,"[1, 0, 0, 1, 0, 0, 1, 1, 1, 1, 0, 1, 1, 1, 1, 1, 0, 0, 0, 1]",1.217742081003962,6,2048
80,1436,10.0,2,50,"[1, 0, 0, 1, 0, 0, 1, 1, 1, 1, 0, 1, 1, 1, 0, 1, 0, 0, 0, 1]",1.2375258680040133,6,2048
81,1439,12.0,4,50,"[1, 0, 0, 1, 0, 0, 1, 1, 1, 1, 0, 1, 1, 1, 0, 1, 0, 1, 0, 1]",1.2579062590011745,6,2048
82,1444,14.0,8,50,"[1, 0, 0, 1, 0, 0, 1, 1, 0, 1, 0, 1, 1, 1, 0, 1, 0, 1, 0, 1]",1.2794807410027715,6,2048
83,1452,14.0,16,50,"[1, 0, 0, 1, 0, 0, 1, 1, 0, 1, 0, 1, 1, 1, 0, 1, 0, 1, 0, 1]",1.3039278779979213,6,2048
84,1468,14.0,32,50,"[1, 0, 0, 1, 0, 0, 1, 1, 0, 1, 0, 1, 1, 1, 0, 1, 0, 1, 0, 1]",1.333667423001316,6,2048
85,1500,14.0,64,50,"[1, 0, 0, 1, 0, 0, 1, 1, 0, 1, 0, 1, 1, 1, 0, 1, 0, 1, 0, 1]",1.374086162999447,6,2048
86,1565,16.0,128,50,"[1, 0, 0, 1, 0, 0, 1, 1, 0, 1, 0, 1, 0, 1, 0, 1, 0, 1, 0, 1]",1.436766639999405,6,2048
87,1693,16.0,256,50,"[1, 0, 0, 1, 0, 0, 1, 1, 0, 1, 0, 1, 0, 1, 0, 1, 0, 1, 0, 1]",1.548321362999559,6,2048
88,1703,16.0,512,50,"[1, 0, 0, 1, 0, 0, 1, 1, 0, 1, 0, 1, 0, 1, 0, 1, 0, 1, 0, 1]",1.5786649959991337,6,2048
89,1703,16.0,1024,50,"[1, 0, 0, 1, 0, 0, 1, 1, 0, 1, 0, 1, 0, 1, 0, 1, 0, 1, 0, 1]",1.5786649959991337,6,2048
90,1703,16.0,2048,50,"[1, 0, 0, 1, 0, 0, 1, 1, 0, 1, 0, 1, 0, 1, 0, 1, 0, 1, 0, 1]",1.5786649959991337,6,2048
91,1703,10.0,0,50,"[0, 1, 1, 0, 0, 0, 0, 1, 1, 0, 1, 1, 1, 0, 1, 0, 0, 1, 0, 0]",1.6009627710009227,7,2048
92,1704,10.0,1,50,"[0, 1, 1, 0, 0, 0, 0, 1, 1, 0, 1, 1, 1, 0, 1, 0, 0, 1, 0, 0]",1.6233860700012883,7,2048
93,1705,10.0,2,50,"[0, 1, 1, 0, 0, 0, 0, 1, 1, 0, 1, 1, 1, 0, 1, 0, 0, 1, 0, 0]",1.6457557030007592,7,2048
94,1707,10.0,4,50,"[0, 1, 1, 0, 0, 0, 0, 1, 1, 0, 1, 1, 1, 0, 1, 0, 0, 1, 0, 0]",1.6690567120022024,7,2048
95,1712,12.0,8,50,"[0, 1, 1, 0, 1, 0, 0, 1, 1, 0, 1, 1, 1, 0, 1, 0, 0, 1, 0, 0]",1.6939502489985898,7,2048
96,1721,13.0,16,50,"[0, 1, 1, 0, 1, 0, 0, 1, 1, 0, 1, 1, 1, 0, 1, 0, 0, 1, 0, 1]",1.7219475180027075,7,2048
97,1738,15.0,32,50,"[0, 1, 1, 0, 1, 0, 0, 1, 1, 0, 1, 0, 1, 0, 1, 0, 0, 1, 0, 1]",1.7558342670017737,7,2048
98,1770,15.0,64,50,"[0, 1, 1, 0, 1, 0, 0, 1, 1, 0, 1, 0, 1, 0, 1, 0, 0, 1, 0, 1]",1.802391131001059,7,2048
99,1834,15.0,128,50,"[0, 1, 1, 0, 1, 0, 0, 1, 1, 0, 1, 0, 1, 0, 1, 0, 0, 1, 0, 1]",1.8760522240045248,7,2048
100,1935,15.0,256,50,"[0, 1, 1, 0, 1, 0, 0, 1, 1, 0, 1, 0, 1, 0, 1, 0, 0, 1, 0, 1]",1.9797221519984305,7,2048
101,1935,15.0,512,50,"[0, 1, 1, 0, 1, 0, 0, 1, 1, 0, 1, 0, 1, 0, 1, 0, 0, 1, 0, 1]",1.9797221519984305,7,2048
102,1935,15.0,1024,50,"[0, 1, 1, 0, 1, 0, 0, 1, 1, 0, 1, 0, 1, 0, 1, 0, 0, 1, 0, 1]",1.9797221519984305,7,2048
103,1935,15.0,2048,50,"[0, 1, 1, 0, 1, 0, 0, 1, 1, 0, 1, 0, 1, 0, 1, 0, 0, 1, 0, 1]",1.9797221519984305,7,2048
104,1935,8.0,0,50,"[0, 0, 0, 0, 1, 0, 0, 0, 1, 1, 1, 1, 1, 0, 0, 0, 1, 0, 1, 0]",2.004772343003424,8,2048
105,1937,10.0,1,50,"[0, 0, 0, 0, 1, 0, 1, 0, 1, 1, 1, 1, 1, 0, 0, 0, 1, 0, 1, 0]",2.029510656000639,8,2048
106,1939,11.0,2,50,"[1, 0, 0, 0, 1, 0, 1, 0, 1, 1, 1, 1, 1, 0, 0, 0, 1, 0, 1, 0]",2.0540677460012375,8,2048
107,1942,13.0,4,50,"[1, 0, 0, 0, 1, 0, 1, 0, 1, 1, 0, 1, 1, 0, 0, 0, 1, 0, 1, 0]",2.0795793540019076,8,2048
108,1946,13.0,8,50,"[1, 0, 0, 0, 1, 0, 1, 0, 1, 1, 0, 1, 1, 0, 0, 0, 1, 0, 1, 0]",2.1066717580033583,8,2048
109,1954,13.0,16,50,"[1, 0, 0, 0, 1, 0, 1, 0, 1, 1, 0, 1, 1, 0, 0, 0, 1, 0, 1, 0]",2.1373158229980618,8,2048
110,1970,13.0,32,50,"[1, 0, 0, 0, 1, 0, 1, 0, 1, 1, 0, 1, 1, 0, 0, 0, 1, 0, 1, 0]",2.1744538440034376,8,2048
111,2003,15.0,64,50,"[1, 0, 0, 0, 1, 0, 1, 0, 1, 1, 0, 1, 1, 0, 1, 0, 1, 0, 1, 0]",2.225670293002622,8,2048
112,2068,17.0,128,50,"[1, 0, 1, 0, 1, 0, 1, 0, 1, 1, 0, 1, 1, 0, 1, 0, 1, 0, 1, 0]",2.3052115379978204,8,2048
113,2196,17.0,256,50,"[1, 0, 1, 0, 1, 0, 1, 0, 1, 1, 0, 1, 1, 0, 1, 0, 1, 0, 1, 0]",2.444404021000082,8,2048
114,2254,17.0,512,50,"[1, 0, 1, 0, 1, 0, 1, 0, 1, 1, 0, 1, 1, 0, 1, 0, 1, 0, 1, 0]",2.5252932630028226,8,2048
115,2254,17.0,1024,50,"[1, 0, 1, 0, 1, 0, 1, 0, 1, 1, 0, 1, 1, 0, 1, 0, 1, 0, 1, 0]",2.5252932630028226,8,2048
116,2254,17.0,2048,50,"[1, 0, 1, 0, 1, 0, 1, 0, 1, 1, 0, 1, 1, 0, 1, 0, 1, 0, 1, 0]",2.5252932630028226,8,2048
117,2254,11.0,0,50,"[1, 0, 0, 1, 0, 0, 0, 0, 1, 0, 1, 0, 0, 1, 0, 1, 1, 1, 0, 0]",2.553519528999459,9,2048
118,2255,11.0,1,50,"[1, 0, 0, 1, 0, 0, 0, 0, 1, 0, 1, 0, 0, 1, 0, 1, 1, 1, 0, 0]",2.58138891300041,9,2048
119,2256,11.0,2,50,"[1, 0, 0, 1, 0, 0, 0, 0, 1, 0, 1, 0, 0, 1, 0, 1, 1, 1, 0, 0]",2.609596533002332,9,2048
120,2260,15.0,4,50,"[1, 0, 0, 1, 0, 0, 1, 0, 1, 0, 1, 0, 0, 1, 0, 1, 0, 1, 0, 0]",2.6386469620047137,9,2048
121,2264,15.0,8,50,"[1, 0, 0, 1, 0, 0, 1, 0, 1, 0, 1, 0, 0, 1, 0, 1, 0, 1, 0, 0]",2.6692649270044058,9,2048
122,2272,15.0,16,50,"[1, 0, 0, 1, 0, 0, 1, 0, 1, 0, 1, 0, 0, 1, 0, 1, 0, 1, 0, 0]",2.7041529540001648,9,2048
123,2288,15.0,32,50,"[1, 0, 0, 1, 0, 0, 1, 0, 1, 0, 1, 0, 0, 1, 0, 1, 0, 1, 0, 0]",2.746626111002115,9,2048
124,2321,16.0,64,50,"[1, 0, 0, 1, 0, 0, 1, 0, 1, 0, 1, 0, 0, 1, 0, 1, 0, 1, 0, 1]",2.8054461970023112,9,2048
125,2385,16.0,128,50,"[1, 0, 0, 1, 0, 0, 1, 0, 1, 0, 1, 0, 0, 1, 0, 1, 0, 1, 0, 1]",2.897455759004515,9,2048
126,2505,16.0,256,50,"[1, 0, 0, 1, 0, 0, 1, 0, 1, 0, 1, 0, 0, 1, 0, 1, 0, 1, 0, 1]",3.0494358819996705,9,2048
127,2505,16.0,512,50,"[1, 0, 0, 1, 0, 0, 1, 0, 1, 0, 1, 0, 0, 1, 0, 1, 0, 1, 0, 1]",3.0494358819996705,9,2048
128,2505,16.0,1024,50,"[1, 0, 0, 1, 0, 0, 1, 0, 1, 0, 1, 0, 0, 1, 0, 1, 0, 1, 0, 1]",3.0494358819996705,9,2048
129,2505,16.0,2048,50,"[1, 0, 0, 1, 0, 0, 1, 0, 1, 0, 1, 0, 0, 1, 0, 1, 0, 1, 0, 1]",3.0494358819996705,9,2048
130,2505,9.0,0,50,"[0, 0, 1, 0, 1, 0, 0, 0, 0, 1, 1, 0, 0, 0, 1, 1, 1, 1, 0, 1]",3.0809384570020484,10,2048
131,2506,9.0,1,50,"[0, 0, 1, 0, 1, 0, 0, 0, 0, 1, 1, 0, 0, 0, 1, 1, 1, 1, 0, 1]",3.111924185999669,10,2048
132,2507,9.0,2,50,"[0, 0, 1, 0, 1, 0, 0, 0, 0, 1, 1, 0, 0, 0, 1, 1, 1, 1, 0, 1]",3.1431030919993646,10,2048
133,2510,11.0,4,50,"[0, 0, 1, 0, 1, 0, 0, 0, 0, 1, 1, 0, 1, 0, 1, 1, 1, 1, 0, 1]",3.175617888002307,10,2048
134,2515,13.0,8,50,"[0, 0, 1, 0, 1, 0, 0, 0, 0, 1, 1, 0, 1, 0, 1, 1, 0, 1, 0, 1]",3.2106026990004466,10,2048
135,2524,14.0,16,50,"[1, 0, 1, 0, 1, 0, 0, 0, 0, 1, 1, 0, 1, 0, 1, 1, 0, 1, 0, 1]",3.2497840479991282,10,2048
136,2541,16.0,32,50,"[1, 0, 1, 0, 1, 0, 0, 1, 0, 1, 1, 0, 1, 0, 1, 1, 0, 1, 0, 1]",3.2973287100030575,10,2048
137,2573,16.0,64,50,"[1, 0, 1, 0, 1, 0, 0, 1, 0, 1, 1, 0, 1, 0, 1, 1, 0, 1, 0, 1]",3.362137903997791,10,2048
138,2637,16.0,128,50,"[1, 0, 1, 0, 1, 0, 0, 1, 0, 1, 1, 0, 1, 0, 1, 1, 0, 1, 0, 1]",3.463525122999272,10,2048
139,2727,16.0,256,50,"[1, 0, 1, 0, 1, 0, 0, 1, 0, 1, 1, 0, 1, 0, 1, 1, 0, 1, 0, 1]",3.5951400339981774,10,2048
140,2727,16.0,512,50,"[1, 0, 1, 0, 1, 0, 0, 1, 0, 1, 1, 0, 1, 0, 1, 1, 0, 1, 0, 1]",3.5951400339981774,10,2048
141,2727,16.0,1024,50,"[1, 0, 1, 0, 1, 0, 0, 1, 0, 1, 1, 0, 1, 0, 1, 1, 0, 1, 0, 1]",3.5951400339981774,10,2048
142,2727,16.0,2048,50,"[1, 0, 1, 0, 1, 0, 0, 1, 0, 1, 1, 0, 1, 0, 1, 1, 0, 1, 0, 1]",3.5951400339981774,10,2048
143,2727,11.0,0,50,"[1, 1, 0, 1, 1, 1, 0, 0, 0, 1, 0, 1, 0, 0, 1, 0, 1, 1, 1, 0]",3.6289786730048945,11,2048
144,2728,11.0,1,50,"[1, 1, 0, 1, 1, 1, 0, 0, 0, 1, 0, 1, 0, 0, 1, 0, 1, 1, 1, 0]",3.6624224210027023,11,2048
145,2729,11.0,2,50,"[1, 1, 0, 1, 1, 1, 0, 0, 0, 1, 0, 1, 0, 0, 1, 0, 1, 1, 1, 0]",3.696143002001918,11,2048
146,2732,13.0,4,50,"[1, 1, 0, 1, 1, 1, 0, 1, 0, 1, 0, 1, 0, 0, 1, 0, 1, 1, 1, 0]",3.730685310998524,11,2048
147,2736,13.0,8,50,"[1, 1, 0, 1, 1, 1, 0, 1, 0, 1, 0, 1, 0, 0, 1, 0, 1, 1, 1, 0]",3.767681237004581,11,2048
148,2746,17.0,16,50,"[1, 1, 0, 1, 0, 1, 0, 1, 0, 1, 0, 1, 0, 0, 1, 0, 1, 0, 1, 0]",3.8095395780037506,11,2048
149,2762,17.0,32,50,"[1, 1, 0, 1, 0, 1, 0, 1, 0, 1, 0, 1, 0, 0, 1, 0, 1, 0, 1, 0]",3.860941281003761,11,2048
150,2795,18.0,64,50,"[0, 1, 0, 1, 0, 1, 0, 1, 0, 1, 0, 1, 0, 0, 1, 0, 1, 0, 1, 0]",3.9297020840022014,11,2048
151,2859,18.0,128,50,"[0, 1, 0, 1, 0, 1, 0, 1, 0, 1, 0, 1, 0, 0, 1, 0, 1, 0, 1, 0]",4.036721144002513,11,2048
152,2964,18.0,256,50,"[0, 1, 0, 1, 0, 1, 0, 1, 0, 1, 0, 1, 0, 0, 1, 0, 1, 0, 1, 0]",4.1942984289999,11,2048
153,2964,18.0,512,50,"[0, 1, 0, 1, 0, 1, 0, 1, 0, 1, 0, 1, 0, 0, 1, 0, 1, 0, 1, 0]",4.1942984289999,11,2048
154,2964,18.0,1024,50,"[0, 1, 0, 1, 0, 1, 0, 1, 0, 1, 0, 1, 0, 0, 1, 0, 1, 0, 1, 0]",4.1942984289999,11,2048
155,2964,18.0,2048,50,"[0, 1, 0, 1, 0, 1, 0, 1, 0, 1, 0, 1, 0, 0, 1, 0, 1, 0, 1, 0]",4.1942984289999,11,2048
156,2964,7.0,0,50,"[1, 1, 0, 0, 0, 1, 0, 0, 1, 1, 0, 0, 0, 0, 0, 0, 1, 1, 0, 0]",4.229860464998637,12,2048
157,2966,9.0,1,50,"[1, 1, 0, 0, 0, 1, 0, 0, 1, 1, 0, 0, 0, 0, 1, 0, 1, 1, 0, 0]",4.265578573998937,12,2048
158,2967,9.0,2,50,"[1, 1, 0, 0, 0, 1, 0, 0, 1, 1, 0, 0, 0, 0, 1, 0, 1, 1, 0, 0]",4.301107947998389,12,2048
159,2969,9.0,4,50,"[1, 1, 0, 0, 0, 1, 0, 0, 1, 1, 0, 0, 0, 0, 1, 0, 1, 1, 0, 0]",4.33822208300262,12,2048
160,2973,9.0,8,50,"[1, 1, 0, 0, 0, 1, 0, 0, 1, 1, 0, 0, 0, 0, 1, 0, 1, 1, 0, 0]",4.378312501998153,12,2048
161,2985,15.0,16,50,"[0, 1, 0, 1, 0, 1, 0, 0, 1, 1, 0, 1, 0, 0, 1, 0, 1, 1, 0, 1]",4.4226798029994825,12,2048
162,3001,15.0,32,50,"[0, 1, 0, 1, 0, 1, 0, 0, 1, 1, 0, 1, 0, 0, 1, 0, 1, 1, 0, 1]",4.47660889600229,12,2048
163,3033,15.0,64,50,"[0, 1, 0, 1, 0, 1, 0, 0, 1, 1, 0, 1, 0, 0, 1, 0, 1, 1, 0, 1]",4.550668959003815,12,2048
164,3097,15.0,128,50,"[0, 1, 0, 1, 0, 1, 0, 0, 1, 1, 0, 1, 0, 0, 1, 0, 1, 1, 0, 1]",4.665854439997929,12,2048
165,3183,15.0,256,50,"[0, 1, 0, 1, 0, 1, 0, 0, 1, 1, 0, 1, 0, 0, 1, 0, 1, 1, 0, 1]",4.810802856001828,12,2048
166,3183,15.0,512,50,"[0, 1, 0, 1, 0, 1, 0, 0, 1, 1, 0, 1, 0, 0, 1, 0, 1, 1, 0, 1]",4.810802856001828,12,2048
167,3183,15.0,1024,50,"[0, 1, 0, 1, 0, 1, 0, 0, 1, 1, 0, 1, 0, 0, 1, 0, 1, 1, 0, 1]",4.810802856001828,12,2048
168,3183,15.0,2048,50,"[0, 1, 0, 1, 0, 1, 0, 0, 1, 1, 0, 1, 0, 0, 1, 0, 1, 1, 0, 1]",4.810802856001828,12,2048
169,3183,8.0,0,50,"[0, 0, 0, 1, 1, 0, 0, 0, 1, 0, 1, 1, 1, 1, 0, 0, 0, 1, 0, 0]",4.848343088000547,13,2048
170,3185,9.0,1,50,"[0, 0, 0, 1, 1, 0, 0, 0, 1, 0, 1, 1, 1, 1, 0, 0, 0, 1, 0, 1]",4.886940989999857,13,2048
171,3186,9.0,2,50,"[0, 0, 0, 1, 1, 0, 0, 0, 1, 0, 1, 1, 1, 1, 0, 0, 0, 1, 0, 1]",4.926199424000515,13,2048
172,3188,9.0,4,50,"[0, 0, 0, 1, 1, 0, 0, 0, 1, 0, 1, 1, 1, 1, 0, 0, 0, 1, 0, 1]",4.96669647100498,13,2048
173,3194,13.0,8,50,"[0, 0, 0, 1, 1, 0, 0, 0, 1, 0, 1, 1, 0, 1, 0, 1, 0, 1, 0, 1]",5.008713381001144,13,2048
174,3204,16.0,16,50,"[1, 0, 0, 1, 1, 0, 1, 0, 1, 0, 1, 1, 0, 1, 0, 1, 0, 1, 0, 1]",5.0559971280017635,13,2048
175,3220,16.0,32,50,"[1, 0, 0, 1, 1, 0, 1, 0, 1, 0, 1, 1, 0, 1, 0, 1, 0, 1, 0, 1]",5.113456231003511,13,2048
176,3252,16.0,64,50,"[1, 0, 0, 1, 1, 0, 1, 0, 1, 0, 1, 1, 0, 1, 0, 1, 0, 1, 0, 1]",5.192475634998118,13,2048
177,3316,16.0,128,50,"[1, 0, 0, 1, 1, 0, 1, 0, 1, 0, 1, 1, 0, 1, 0, 1, 0, 1, 0, 1]",5.315725865002605,13,2048
178,3398,16.0,256,50,"[1, 0, 0, 1, 1, 0, 1, 0, 1, 0, 1, 1, 0, 1, 0, 1, 0, 1, 0, 1]",5.465160060004564,13,2048
179,3398,16.0,512,50,"[1, 0, 0, 1, 1, 0, 1, 0, 1, 0, 1, 1, 0, 1, 0, 1, 0, 1, 0, 1]",5.465160060004564,13,2048
180,3398,16.0,1024,50,"[1, 0, 0, 1, 1, 0, 1, 0, 1, 0, 1, 1, 0, 1, 0, 1, 0, 1, 0, 1]",5.465160060004564,13,2048
181,3398,16.0,2048,50,"[1, 0, 0, 1, 1, 0, 1, 0, 1, 0, 1, 1, 0, 1, 0, 1, 0, 1, 0, 1]",5.465160060004564,13,2048
182,3398,9.0,0,50,"[0, 0, 0, 1, 0, 1, 1, 0, 0, 0, 0, 0, 1, 1, 0, 1, 1, 0, 0, 1]",5.5048498140022275,14,2048
183,3400,11.0,1,50,"[0, 1, 0, 1, 0, 1, 1, 0, 0, 0, 0, 0, 1, 1, 0, 1, 1, 0, 0, 1]",5.545114482003555,14,2048
184,3401,11.0,2,50,"[0, 1, 0, 1, 0, 1, 1, 0, 0, 0, 0, 0, 1, 1, 0, 1, 1, 0, 0, 1]",5.585386051003297,14,2048
185,3403,11.0,4,50,"[0, 1, 0, 1, 0, 1, 1, 0, 0, 0, 0, 0, 1, 1, 0, 1, 1, 0, 0, 1]",5.627175683002861,14,2048
186,3407,11.0,8,50,"[0, 1, 0, 1, 0, 1, 1, 0, 0, 0, 0, 0, 1, 1, 0, 1, 1, 0, 0, 1]",5.67156361600064,14,2048
187,3416,13.0,16,50,"[0, 1, 0, 1, 0, 1, 1, 0, 0, 1, 0, 0, 1, 1, 0, 1, 1, 0, 0, 1]",5.722061815002235,14,2048
188,3432,13.0,32,50,"[0, 1, 0, 1, 0, 1, 1, 0, 0, 1, 0, 0, 1, 1, 0, 1, 1, 0, 0, 1]",5.783217999000044,14,2048
189,3464,13.0,64,50,"[0, 1, 0, 1, 0, 1, 1, 0, 0, 1, 0, 0, 1, 1, 0, 1, 1, 0, 0, 1]",5.8671848790036165,14,2048
190,3528,13.0,128,50,"[0, 1, 0, 1, 0, 1, 1, 0, 0, 1, 0, 0, 1, 1, 0, 1, 1, 0, 0, 1]",6.000134674002766,14,2048
191,3611,13.0,256,50,"[0, 1, 0, 1, 0, 1, 1, 0, 0, 1, 0, 0, 1, 1, 0, 1, 1, 0, 0, 1]",6.1630620299984,14,2048
192,3611,13.0,512,50,"[0, 1, 0, 1, 0, 1, 1, 0, 0, 1, 0, 0, 1, 1, 0, 1, 1, 0, 0, 1]",6.1630620299984,14,2048
193,3611,13.0,1024,50,"[0, 1, 0, 1, 0, 1, 1, 0, 0, 1, 0, 0, 1, 1, 0, 1, 1, 0, 0, 1]",6.1630620299984,14,2048
194,3611,13.0,2048,50,"[0, 1, 0, 1, 0, 1, 1, 0, 0, 1, 0, 0, 1, 1, 0, 1, 1, 0, 0, 1]",6.1630620299984,14,2048
195,3611,11.0,0,50,"[1, 0, 1, 0, 0, 0, 1, 0, 1, 0, 1, 0, 0, 0, 0, 0, 1, 0, 0, 0]",6.206256909004878,15,2048
196,3612,11.0,1,50,"[1, 0, 1, 0, 0, 0, 1, 0, 1, 0, 1, 0, 0, 0, 0, 0, 1, 0, 0, 0]",6.249888272002863,15,2048
197,3613,11.0,2,50,"[1, 0, 1, 0, 0, 0, 1, 0, 1, 0, 1, 0, 0, 0, 0, 0, 1, 0, 0, 0]",6.293389113998273,15,2048
198,3616,13.0,4,50,"[1, 0, 1, 0, 0, 0, 1, 0, 1, 0, 1, 0, 0, 1, 0, 0, 1, 0, 0, 0]",6.338680957000179,15,2048
199,3622,16.0,8,50,"[1, 0, 1, 0, 1, 0, 1, 0, 1, 0, 1, 0, 0, 1, 0, 0, 1, 0, 0, 1]",6.38642410900502,15,2048
200,3630,16.0,16,50,"[1, 0, 1, 0, 1, 0, 1, 0, 1, 0, 1, 0, 0, 1, 0, 0, 1, 0, 0, 1]",6.439614950999385,15,2048
201,3646,16.0,32,50,"[1, 0, 1, 0, 1, 0, 1, 0, 1, 0, 1, 0, 0, 1, 0, 0, 1, 0, 0, 1]",6.505181578002521,15,2048
202,3678,16.0,64,50,"[1, 0, 1, 0, 1, 0, 1, 0, 1, 0, 1, 0, 0, 1, 0, 0, 1, 0, 0, 1]",6.595027189003304,15,2048
203,3742,16.0,128,50,"[1, 0, 1, 0, 1, 0, 1, 0, 1, 0, 1, 0, 0, 1, 0, 0, 1, 0, 0, 1]",6.734708998999849,15,2048
204,3821,16.0,256,50,"[1, 0, 1, 0, 1, 0, 1, 0, 1, 0, 1, 0, 0, 1, 0, 0, 1, 0, 0, 1]",6.898578082000313,15,2048
205,3821,16.0,512,50,"[1, 0, 1, 0, 1, 0, 1, 0, 1, 0, 1, 0, 0, 1, 0, 0, 1, 0, 0, 1]",6.898578082000313,15,2048
206,3821,16.0,1024,50,"[1, 0, 1, 0, 1, 0, 1, 0, 1, 0, 1, 0, 0, 1, 0, 0, 1, 0, 0, 1]",6.898578082000313,15,2048
207,3821,16.0,2048,50,"[1, 0, 1, 0, 1, 0, 1, 0, 1, 0, 1, 0, 0, 1, 0, 0, 1, 0, 0, 1]",6.898578082000313,15,2048
208,3821,9.0,0,50,"[0, 0, 0, 0, 0, 1, 0, 1, 1, 1, 1, 0, 1, 1, 0, 1, 1, 0, 1, 1]",6.94478468500165,16,2048
209,3822,9.0,1,50,"[0, 0, 0, 0, 0, 1, 0, 1, 1, 1, 1, 0, 1, 1, 0, 1, 1, 0, 1, 1]",6.989689296002325,16,2048
210,3824,10.0,2,50,"[1, 0, 0, 0, 0, 1, 0, 1, 1, 1, 1, 0, 1, 1, 0, 1, 1, 0, 1, 1]",7.03491429600399,16,2048
211,3826,10.0,4,50,"[1, 0, 0, 0, 0, 1, 0, 1, 1, 1, 1, 0, 1, 1, 0, 1, 1, 0, 1, 1]",7.081465447998198,16,2048
212,3830,10.0,8,50,"[1, 0, 0, 0, 0, 1, 0, 1, 1, 1, 1, 0, 1, 1, 0, 1, 1, 0, 1, 1]",7.1317211460045655,16,2048
213,3839,11.0,16,50,"[1, 0, 0, 0, 0, 1, 0, 1, 1, 1, 1, 0, 1, 1, 0, 1, 1, 0, 1, 0]",7.188627923002059,16,2048
214,3857,15.0,32,50,"[1, 0, 1, 0, 0, 1, 0, 1, 0, 1, 1, 0, 1, 1, 0, 1, 1, 0, 1, 0]",7.258528775004379,16,2048
215,3889,15.0,64,50,"[1, 0, 1, 0, 0, 1, 0, 1, 0, 1, 1, 0, 1, 1, 0, 1, 1, 0, 1, 0]",7.35382495399972,16,2048
216,3953,15.0,128,50,"[1, 0, 1, 0, 0, 1, 0, 1, 0, 1, 1, 0, 1, 1, 0, 1, 1, 0, 1, 0]",7.4997935780047555,16,2048
217,4051,15.0,256,50,"[1, 0, 1, 0, 0, 1, 0, 1, 0, 1, 1, 0, 1, 1, 0, 1, 1, 0, 1, 0]",7.703608513002109,16,2048
218,4051,15.0,512,50,"[1, 0, 1, 0, 0, 1, 0, 1, 0, 1, 1, 0, 1, 1, 0, 1, 1, 0, 1, 0]",7.703608513002109,16,2048
219,4051,15.0,1024,50,"[1, 0, 1, 0, 0, 1, 0, 1, 0, 1, 1, 0, 1, 1, 0, 1, 1, 0, 1, 0]",7.703608513002109,16,2048
220,4051,15.0,2048,50,"[1, 0, 1, 0, 0, 1, 0, 1, 0, 1, 1, 0, 1, 1, 0, 1, 1, 0, 1, 0]",7.703608513002109,16,2048
221,4051,13.0,0,50,"[0, 1, 0, 1, 0, 1, 1, 1, 0, 1, 1, 0, 1, 0, 0, 1, 1, 0, 0, 1]",7.750757915004215,17,2048
222,4052,13.0,1,50,"[0, 1, 0, 1, 0, 1, 1, 1, 0, 1, 1, 0, 1, 0, 0, 1, 1, 0, 0, 1]",7.798298752000846,17,2048
223,4053,13.0,2,50,"[0, 1, 0, 1, 0, 1, 1, 1, 0, 1, 1, 0, 1, 0, 0, 1, 1, 0, 0, 1]",7.847192262997851,17,2048
224,4055,13.0,4,50,"[0, 1, 0, 1, 0, 1, 1, 1, 0, 1, 1, 0, 1, 0, 0, 1, 1, 0, 0, 1]",7.897576613002457,17,2048
225,4059,13.0,8,50,"[0, 1, 0, 1, 0, 1, 1, 1, 0, 1, 1, 0, 1, 0, 0, 1, 1, 0, 0, 1]",7.95088738600316,17,2048
226,4067,13.0,16,50,"[0, 1, 0, 1, 0, 1, 1, 1, 0, 1, 1, 0, 1, 0, 0, 1, 1, 0, 0, 1]",8.010676443998818,17,2048
227,4084,15.0,32,50,"[0, 1, 0, 1, 0, 1, 0, 1, 0, 1, 1, 0, 1, 0, 0, 1, 1, 0, 0, 1]",8.08385109899973,17,2048
228,4116,15.0,64,50,"[0, 1, 0, 1, 0, 1, 0, 1, 0, 1, 1, 0, 1, 0, 0, 1, 1, 0, 0, 1]",8.184156128001632,17,2048
229,4180,15.0,128,50,"[0, 1, 0, 1, 0, 1, 0, 1, 0, 1, 1, 0, 1, 0, 0, 1, 1, 0, 0, 1]",8.337913324998226,17,2048
230,4273,15.0,256,50,"[0, 1, 0, 1, 0, 1, 0, 1, 0, 1, 1, 0, 1, 0, 0, 1, 1, 0, 0, 1]",8.545665438003198,17,2048
231,4273,15.0,512,50,"[0, 1, 0, 1, 0, 1, 0, 1, 0, 1, 1, 0, 1, 0, 0, 1, 1, 0, 0, 1]",8.545665438003198,17,2048
232,4273,15.0,1024,50,"[0, 1, 0, 1, 0, 1, 0, 1, 0, 1, 1, 0, 1, 0, 0, 1, 1, 0, 0, 1]",8.545665438003198,17,2048
233,4273,15.0,2048,50,"[0, 1, 0, 1, 0, 1, 0, 1, 0, 1, 1, 0, 1, 0, 0, 1, 1, 0, 0, 1]",8.545665438003198,17,2048
234,4273,10.0,0,50,"[0, 1, 0, 0, 1, 1, 0, 0, 0, 0, 1, 0, 0, 1, 1, 1, 0, 1, 0, 0]",8.594867865002016,18,2048
235,4274,10.0,1,50,"[0, 1, 0, 0, 1, 1, 0, 0, 0, 0, 1, 0, 0, 1, 1, 1, 0, 1, 0, 0]",8.645516476004559,18,2048
236,4275,10.0,2,50,"[0, 1, 0, 0, 1, 1, 0, 0, 0, 0, 1, 0, 0, 1, 1, 1, 0, 1, 0, 0]",8.696223233004275,18,2048
237,4278,12.0,4,50,"[0, 1, 0, 0, 1, 1, 0, 0, 1, 0, 1, 0, 0, 1, 1, 1, 0, 1, 0, 0]",8.748540642998705,18,2048
238,4282,12.0,8,50,"[0, 1, 0, 0, 1, 1, 0, 0, 1, 0, 1, 0, 0, 1, 1, 1, 0, 1, 0, 0]",8.804667335003614,18,2048
239,4291,14.0,16,50,"[0, 1, 0, 0, 1, 1, 0, 0, 1, 0, 1, 0, 0, 1, 0, 1, 0, 1, 0, 0]",8.868060188004165,18,2048
240,4308,15.0,32,50,"[0, 1, 0, 0, 1, 1, 0, 0, 1, 0, 1, 0, 0, 1, 0, 1, 0, 1, 0, 1]",8.944356241001515,18,2048
241,4340,15.0,64,50,"[0, 1, 0, 0, 1, 1, 0, 0, 1, 0, 1, 0, 0, 1, 0, 1, 0, 1, 0, 1]",9.048447376000695,18,2048
242,4404,15.0,128,50,"[0, 1, 0, 0, 1, 1, 0, 0, 1, 0, 1, 0, 0, 1, 0, 1, 0, 1, 0, 1]",9.209526448998076,18,2048
243,4508,15.0,256,50,"[0, 1, 0, 0, 1, 1, 0, 0, 1, 0, 1, 0, 0, 1, 0, 1, 0, 1, 0, 1]",9.444063340000866,18,2048
244,4508,15.0,512,50,"[0, 1, 0, 0, 1, 1, 0, 0, 1, 0, 1, 0, 0, 1, 0, 1, 0, 1, 0, 1]",9.444063340000866,18,2048
245,4508,15.0,1024,50,"[0, 1, 0, 0, 1, 1, 0, 0, 1, 0, 1, 0, 0, 1, 0, 1, 0, 1, 0, 1]",9.444063340000866,18,2048
246,4508,15.0,2048,50,"[0, 1, 0, 0, 1, 1, 0, 0, 1, 0, 1, 0, 0, 1, 0, 1, 0, 1, 0, 1]",9.444063340000866,18,2048
247,4508,9.0,0,50,"[1, 1, 1, 0, 1, 1, 1, 1, 1, 0, 1, 0, 1, 1, 0, 1, 1, 0, 0, 0]",9.4953784620011,19,2048
248,4509,9.0,1,50,"[1, 1, 1, 0, 1, 1, 1, 1, 1, 0, 1, 0, 1, 1, 0, 1, 1, 0, 0, 0]",9.54771564299881,19,2048
249,4510,9.0,2,50,"[1, 1, 1, 0, 1, 1, 1, 1, 1, 0, 1, 0, 1, 1, 0, 1, 1, 0, 0, 0]",9.59978115800186,19,2048
250,4512,9.0,4,50,"[1, 1, 1, 0, 1, 1, 1, 1, 1, 0, 1, 0, 1, 1, 0, 1, 1, 0, 0, 0]",9.654069959004119,19,2048
251,4518,13.0,8,50,"[1, 0, 1, 0, 1, 1, 1, 0, 1, 0, 1, 0, 1, 1, 0, 1, 1, 0, 0, 0]",9.712215314000787,19,2048
252,4526,13.0,16,50,"[1, 0, 1, 0, 1, 1, 1, 0, 1, 0, 1, 0, 1, 1, 0, 1, 1, 0, 0, 0]",9.777603262999037,19,2048
253,4543,14.0,32,50,"[1, 0, 1, 0, 1, 1, 1, 0, 1, 0, 1, 0, 1, 1, 0, 1, 1, 0, 0, 1]",9.859580989003007,19,2048
254,4575,14.0,64,50,"[1, 0, 1, 0, 1, 1, 1, 0, 1, 0, 1, 0, 1, 1, 0, 1, 1, 0, 0, 1]",9.971657763999247,19,2048
255,4640,16.0,128,50,"[1, 0, 1, 0, 1, 0, 1, 0, 1, 0, 1, 0, 1, 1, 0, 1, 1, 0, 0, 1]",10.143564616999356,19,2048
256,4768,16.0,256,50,"[1, 0, 1, 0, 1, 0, 1, 0, 1, 0, 1, 0, 1, 1, 0, 1, 1, 0, 0, 1]",10.442124558001524,19,2048
257,4781,16.0,512,50,"[1, 0, 1, 0, 1, 0, 1, 0, 1, 0, 1, 0, 1, 1, 0, 1, 1, 0, 0, 1]",10.522315615999105,19,2048
258,4781,16.0,1024,50,"[1, 0, 1, 0, 1, 0, 1, 0, 1, 0, 1, 0, 1, 1, 0, 1, 1, 0, 0, 1]",10.522315615999105,19,2048
259,4781,16.0,2048,50,"[1, 0, 1, 0, 1, 0, 1, 0, 1, 0, 1, 0, 1, 1, 0, 1, 1, 0, 0, 1]",10.522315615999105,19,2048
260,4781,10.0,0,50,"[0, 1, 0, 0, 1, 0, 0, 0, 0, 1, 0, 0, 1, 0, 1, 1, 1, 0, 0, 0]",10.576991152003757,20,2048
261,4782,10.0,1,50,"[0, 1, 0, 0, 1, 0, 0, 0, 0, 1, 0, 0, 1, 0, 1, 1, 1, 0, 0, 0]",10.632945591001771,20,2048
262,4783,10.0,2,50,"[0, 1, 0, 0, 1, 0, 0, 0, 0, 1, 0, 0, 1, 0, 1, 1, 1, 0, 0, 0]",10.688633119003498,20,2048
263,4785,10.0,4,50,"[0, 1, 0, 0, 1, 0, 0, 0, 0, 1, 0, 0, 1, 0, 1, 1, 1, 0, 0, 0]",10.74659836399951,20,2048
264,4791,14.0,8,50,"[0, 1, 0, 0, 1, 0, 0, 1, 0, 1, 0, 0, 1, 0, 1, 1, 1, 0, 1, 0]",10.809152068999538,20,2048
265,4799,14.0,16,50,"[0, 1, 0, 0, 1, 0, 0, 1, 0, 1, 0, 0, 1, 0, 1, 1, 1, 0, 1, 0]",10.87866776699957,20,2048
266,4816,16.0,32,50,"[0, 1, 0, 0, 1, 0, 0, 1, 0, 1, 0, 0, 1, 0, 1, 0, 1, 0, 1, 0]",10.964193047002482,20,2048
267,4848,16.0,64,50,"[0, 1, 0, 0, 1, 0, 0, 1, 0, 1, 0, 0, 1, 0, 1, 0, 1, 0, 1, 0]",11.080427107001015,20,2048
268,4912,16.0,128,50,"[0, 1, 0, 0, 1, 0, 0, 1, 0, 1, 0, 0, 1, 0, 1, 0, 1, 0, 1, 0]",11.258791384003416,20,2048
269,5008,16.0,256,50,"[0, 1, 0, 0, 1, 0, 0, 1, 0, 1, 0, 0, 1, 0, 1, 0, 1, 0, 1, 0]",11.503213249998225,20,2048
270,5008,16.0,512,50,"[0, 1, 0, 0, 1, 0, 0, 1, 0, 1, 0, 0, 1, 0, 1, 0, 1, 0, 1, 0]",11.503213249998225,20,2048
271,5008,16.0,1024,50,"[0, 1, 0, 0, 1, 0, 0, 1, 0, 1, 0, 0, 1, 0, 1, 0, 1, 0, 1, 0]",11.503213249998225,20,2048
272,5008,16.0,2048,50,"[0, 1, 0, 0, 1, 0, 0, 1, 0, 1, 0, 0, 1, 0, 1, 0, 1, 0, 1, 0]",11.503213249998225,20,2048
273,5008,8.0,0,50,"[1, 1, 1, 1, 0, 0, 0, 0, 1, 1, 1, 1, 0, 0, 1, 0, 0, 1, 0, 1]",11.55948358400201,21,2048
274,5010,10.0,1,50,"[1, 1, 1, 1, 0, 0, 0, 0, 1, 1, 0, 1, 0, 0, 1, 0, 0, 1, 0, 1]",11.616772336004942,21,2048
275,5011,10.0,2,50,"[1, 1, 1, 1, 0, 0, 0, 0, 1, 1, 0, 1, 0, 0, 1, 0, 0, 1, 0, 1]",11.673992766001902,21,2048
276,5014,12.0,4,50,"[1, 0, 1, 1, 0, 0, 0, 0, 1, 1, 0, 1, 0, 0, 1, 0, 0, 1, 0, 1]",11.733383452003181,21,2048
277,5018,12.0,8,50,"[1, 0, 1, 1, 0, 0, 0, 0, 1, 1, 0, 1, 0, 0, 1, 0, 0, 1, 0, 1]",11.797164023999358,21,2048
278,5027,14.0,16,50,"[1, 0, 1, 1, 0, 0, 1, 0, 1, 1, 0, 1, 0, 0, 1, 0, 0, 1, 0, 1]",11.870623914001044,21,2048
279,5043,14.0,32,50,"[1, 0, 1, 1, 0, 0, 1, 0, 1, 1, 0, 1, 0, 0, 1, 0, 0, 1, 0, 1]",11.960593228999642,21,2048
280,5075,14.0,64,50,"[1, 0, 1, 1, 0, 0, 1, 0, 1, 1, 0, 1, 0, 0, 1, 0, 0, 1, 0, 1]",12.083228718998726,21,2048
281,5139,14.0,128,50,"[1, 0, 1, 1, 0, 0, 1, 0, 1, 1, 0, 1, 0, 0, 1, 0, 0, 1, 0, 1]",12.269868092000252,21,2048
282,5221,14.0,256,50,"[1, 0, 1, 1, 0, 0, 1, 0, 1, 1, 0, 1, 0, 0, 1, 0, 0, 1, 0, 1]",12.499493953000638,21,2048
283,5221,14.0,512,50,"[1, 0, 1, 1, 0, 0, 1, 0, 1, 1, 0, 1, 0, 0, 1, 0, 0, 1, 0, 1]",12.499493953000638,21,2048
284,5221,14.0,1024,50,"[1, 0, 1, 1, 0, 0, 1, 0, 1, 1, 0, 1, 0, 0, 1, 0, 0, 1, 0, 1]",12.499493953000638,21,2048
285,5221,14.0,2048,50,"[1, 0, 1, 1, 0, 0, 1, 0, 1, 1, 0, 1, 0, 0, 1, 0, 0, 1, 0, 1]",12.499493953000638,21,2048
286,5221,10.0,0,50,"[1, 1, 1, 1, 0, 1, 1, 0, 0, 1, 1, 0, 0, 0, 1, 0, 1, 0, 0, 1]",12.559223960000963,22,2048
287,5222,10.0,1,50,"[1, 1, 1, 1, 0, 1, 1, 0, 0, 1, 1, 0, 0, 0, 1, 0, 1, 0, 0, 1]",12.621493621001719,22,2048
288,5224,11.0,2,50,"[0, 1, 1, 1, 0, 1, 1, 0, 0, 1, 1, 0, 0, 0, 1, 0, 1, 0, 0, 1]",12.682474626999465,22,2048
289,5226,11.0,4,50,"[0, 1, 1, 1, 0, 1, 1, 0, 0, 1, 1, 0, 0, 0, 1, 0, 1, 0, 0, 1]",12.745531523003592,22,2048
290,5231,13.0,8,50,"[0, 1, 0, 1, 0, 1, 1, 0, 0, 1, 1, 0, 0, 0, 1, 0, 1, 0, 0, 1]",12.812779117004538,22,2048
291,5240,15.0,16,50,"[0, 1, 0, 1, 0, 1, 1, 0, 0, 1, 1, 0, 1, 0, 1, 0, 1, 0, 0, 1]",12.889089805998083,22,2048
292,5256,15.0,32,50,"[0, 1, 0, 1, 0, 1, 1, 0, 0, 1, 1, 0, 1, 0, 1, 0, 1, 0, 0, 1]",12.98275010100042,22,2048
293,5288,15.0,64,50,"[0, 1, 0, 1, 0, 1, 1, 0, 0, 1, 1, 0, 1, 0, 1, 0, 1, 0, 0, 1]",13.109417222003685,22,2048
294,5352,15.0,128,50,"[0, 1, 0, 1, 0, 1, 1, 0, 0, 1, 1, 0, 1, 0, 1, 0, 1, 0, 0, 1]",13.306143636000343,22,2048
295,5435,15.0,256,50,"[0, 1, 0, 1, 0, 1, 1, 0, 0, 1, 1, 0, 1, 0, 1, 0, 1, 0, 0, 1]",13.547344199003419,22,2048
296,5435,15.0,512,50,"[0, 1, 0, 1, 0, 1, 1, 0, 0, 1, 1, 0, 1, 0, 1, 0, 1, 0, 0, 1]",13.547344199003419,22,2048
297,5435,15.0,1024,50,"[0, 1, 0, 1, 0, 1, 1, 0, 0, 1, 1, 0, 1, 0, 1, 0, 1, 0, 0, 1]",13.547344199003419,22,2048
298,5435,15.0,2048,50,"[0, 1, 0, 1, 0, 1, 1, 0, 0, 1, 1, 0, 1, 0, 1, 0, 1, 0, 0, 1]",13.547344199003419,22,2048
299,5435,3.0,0,50,"[1, 1, 1, 1, 1, 0, 0, 0, 0, 0, 1, 1, 1, 1, 1, 1, 0, 0, 0, 0]",13.608485331002157,23,2048
300,5437,5.0,1,50,"[1, 0, 1, 1, 1, 0, 0, 0, 0, 0, 1, 1, 1, 1, 1, 1, 0, 0, 0, 0]",13.671813408000162,23,2048
301,5439,7.0,2,50,"[1, 0, 1, 1, 1, 0, 0, 0, 0, 0, 1, 1, 1, 1, 1, 1, 0, 0, 1, 0]",13.734734051999112,23,2048
302,5442,9.0,4,50,"[1, 0, 1, 1, 1, 0, 0, 1, 0, 0, 1, 1, 1, 1, 1, 1, 0, 0, 1, 0]",13.800065686999005,23,2048
303,5447,11.0,8,50,"[1, 0, 1, 1, 1, 0, 0, 1, 0, 0, 1, 1, 0, 1, 1, 1, 0, 0, 1, 0]",13.869971776002785,23,2048
304,5455,11.0,16,50,"[1, 0, 1, 1, 1, 0, 0, 1, 0, 0, 1, 1, 0, 1, 1, 1, 0, 0, 1, 0]",13.948428251998848,23,2048
305,5472,13.0,32,50,"[1, 0, 1, 1, 1, 0, 0, 1, 0, 0, 1, 1, 0, 1, 0, 1, 0, 0, 1, 0]",14.045664197001315,23,2048
306,5504,13.0,64,50,"[1, 0, 1, 1, 1, 0, 0, 1, 0, 0, 1, 1, 0, 1, 0, 1, 0, 0, 1, 0]",14.177713789002155,23,2048
307,5569,15.0,128,50,"[1, 0, 1, 0, 1, 0, 0, 1, 0, 0, 1, 1, 0, 1, 0, 1, 0, 0, 1, 0]",14.38203605599847,23,2048
308,5697,15.0,256,50,"[1, 0, 1, 0, 1, 0, 0, 1, 0, 0, 1, 1, 0, 1, 0, 1, 0, 0, 1, 0]",14.734312107000733,23,2048
309,5714,15.0,512,50,"[1, 0, 1, 0, 1, 0, 0, 1, 0, 0, 1, 1, 0, 1, 0, 1, 0, 0, 1, 0]",14.837457580004411,23,2048
310,5714,15.0,1024,50,"[1, 0, 1, 0, 1, 0, 0, 1, 0, 0, 1, 1, 0, 1, 0, 1, 0, 0, 1, 0]",14.837457580004411,23,2048
311,5714,15.0,2048,50,"[1, 0, 1, 0, 1, 0, 0, 1, 0, 0, 1, 1, 0, 1, 0, 1, 0, 0, 1, 0]",14.837457580004411,23,2048
312,5714,8.0,0,50,"[1, 1, 0, 1, 1, 1, 0, 0, 1, 0, 1, 1, 1, 1, 1, 0, 0, 0, 0, 1]",14.901181102999544,24,2048
313,5715,8.0,1,50,"[1, 1, 0, 1, 1, 1, 0, 0, 1, 0, 1, 1, 1, 1, 1, 0, 0, 0, 0, 1]",14.966990553999494,24,2048
314,5716,8.0,2,50,"[1, 1, 0, 1, 1, 1, 0, 0, 1, 0, 1, 1, 1, 1, 1, 0, 0, 0, 0, 1]",15.032746743003372,24,2048
315,5719,10.0,4,50,"[1, 1, 0, 1, 0, 1, 0, 0, 1, 0, 1, 1, 1, 1, 1, 0, 0, 0, 0, 1]",15.100356888004171,24,2048
316,5723,10.0,8,50,"[1, 1, 0, 1, 0, 1, 0, 0, 1, 0, 1, 1, 1, 1, 1, 0, 0, 0, 0, 1]",15.172360288001073,24,2048
317,5732,12.0,16,50,"[1, 1, 0, 1, 0, 1, 0, 0, 1, 0, 1, 1, 1, 1, 1, 0, 0, 1, 0, 1]",15.254242750997946,24,2048
318,5751,17.0,32,50,"[0, 1, 0, 1, 0, 1, 0, 0, 1, 0, 1, 0, 1, 0, 1, 0, 0, 1, 0, 1]",15.35397769100382,24,2048
319,5783,17.0,64,50,"[0, 1, 0, 1, 0, 1, 0, 0, 1, 0, 1, 0, 1, 0, 1, 0, 0, 1, 0, 1]",15.491183220001403,24,2048
320,5847,17.0,128,50,"[0, 1, 0, 1, 0, 1, 0, 0, 1, 0, 1, 0, 1, 0, 1, 0, 0, 1, 0, 1]",15.706445253999846,24,2048
321,5938,17.0,256,50,"[0, 1, 0, 1, 0, 1, 0, 0, 1, 0, 1, 0, 1, 0, 1, 0, 0, 1, 0, 1]",15.990788275004888,24,2048
322,5938,17.0,512,50,"[0, 1, 0, 1, 0, 1, 0, 0, 1, 0, 1, 0, 1, 0, 1, 0, 0, 1, 0, 1]",15.990788275004888,24,2048
323,5938,17.0,1024,50,"[0, 1, 0, 1, 0, 1, 0, 0, 1, 0, 1, 0, 1, 0, 1, 0, 0, 1, 0, 1]",15.990788275004888,24,2048
324,5938,17.0,2048,50,"[0, 1, 0, 1, 0, 1, 0, 0, 1, 0, 1, 0, 1, 0, 1, 0, 0, 1, 0, 1]",15.990788275004888,24,2048
325,5938,10.0,0,50,"[1, 0, 0, 0, 1, 0, 0, 1, 0, 0, 0, 1, 0, 0, 1, 0, 1, 1, 1, 1]",16.05761191000056,25,2048
326,5939,10.0,1,50,"[1, 0, 0, 0, 1, 0, 0, 1, 0, 0, 0, 1, 0, 0, 1, 0, 1, 1, 1, 1]",16.125465288998384,25,2048
327,5940,10.0,2,50,"[1, 0, 0, 0, 1, 0, 0, 1, 0, 0, 0, 1, 0, 0, 1, 0, 1, 1, 1, 1]",16.192933381003968,25,2048
328,5942,10.0,4,50,"[1, 0, 0, 0, 1, 0, 0, 1, 0, 0, 0, 1, 0, 0, 1, 0, 1, 1, 1, 1]",16.26385264500277,25,2048
329,5948,14.0,8,50,"[1, 0, 1, 0, 1, 0, 0, 1, 0, 0, 0, 1, 0, 0, 1, 0, 1, 0, 1, 1]",16.338784523002687,25,2048
330,5956,14.0,16,50,"[1, 0, 1, 0, 1, 0, 0, 1, 0, 0, 0, 1, 0, 0, 1, 0, 1, 0, 1, 1]",16.42418630100292,25,2048
331,5974,17.0,32,50,"[1, 0, 1, 0, 1, 0, 0, 1, 0, 1, 0, 1, 0, 0, 1, 0, 1, 0, 1, 0]",16.528220287000295,25,2048
332,6006,17.0,64,50,"[1, 0, 1, 0, 1, 0, 0, 1, 0, 1, 0, 1, 0, 0, 1, 0, 1, 0, 1, 0]",16.671191393004847,25,2048
333,6070,17.0,128,50,"[1, 0, 1, 0, 1, 0, 0, 1, 0, 1, 0, 1, 0, 0, 1, 0, 1, 0, 1, 0]",16.895199700004014,25,2048
334,6174,17.0,256,50,"[1, 0, 1, 0, 1, 0, 0, 1, 0, 1, 0, 1, 0, 0, 1, 0, 1, 0, 1, 0]",17.23054738299834,25,2048
335,6174,17.0,512,50,"[1, 0, 1, 0, 1, 0, 0, 1, 0, 1, 0, 1, 0, 0, 1, 0, 1, 0, 1, 0]",17.23054738299834,25,2048
336,6174,17.0,1024,50,"[1, 0, 1, 0, 1, 0, 0, 1, 0, 1, 0, 1, 0, 0, 1, 0, 1, 0, 1, 0]",17.23054738299834,25,2048
337,6174,17.0,2048,50,"[1, 0, 1, 0, 1, 0, 0, 1, 0, 1, 0, 1, 0, 0, 1, 0, 1, 0, 1, 0]",17.23054738299834,25,2048
338,6174,12.0,0,50,"[0, 0, 0, 1, 0, 0, 1, 0, 1, 0, 1, 0, 0, 1, 1, 1, 1, 0, 1, 0]",17.29909912199946,26,2048
339,6175,12.0,1,50,"[0, 0, 0, 1, 0, 0, 1, 0, 1, 0, 1, 0, 0, 1, 1, 1, 1, 0, 1, 0]",17.370073550999223,26,2048
340,6176,12.0,2,50,"[0, 0, 0, 1, 0, 0, 1, 0, 1, 0, 1, 0, 0, 1, 1, 1, 1, 0, 1, 0]",17.44143390300451,26,2048
341,6179,14.0,4,50,"[0, 0, 0, 1, 0, 0, 1, 0, 1, 0, 1, 0, 0, 1, 1, 0, 1, 0, 1, 0]",17.51533534799819,26,2048
342,6184,15.0,8,50,"[1, 0, 0, 1, 0, 0, 1, 0, 1, 0, 1, 0, 0, 1, 1, 0, 1, 0, 1, 0]",17.594057708003675,26,2048
343,6192,15.0,16,50,"[1, 0, 0, 1, 0, 0, 1, 0, 1, 0, 1, 0, 0, 1, 1, 0, 1, 0, 1, 0]",17.682601492000686,26,2048
344,6208,15.0,32,50,"[1, 0, 0, 1, 0, 0, 1, 0, 1, 0, 1, 0, 0, 1, 1, 0, 1, 0, 1, 0]",17.7908624000047,26,2048
345,6240,15.0,64,50,"[1, 0, 0, 1, 0, 0, 1, 0, 1, 0, 1, 0, 0, 1, 1, 0, 1, 0, 1, 0]",17.941328328000964,26,2048
346,6304,15.0,128,50,"[1, 0, 0, 1, 0, 0, 1, 0, 1, 0, 1, 0, 0, 1, 1, 0, 1, 0, 1, 0]",18.1731592990036,26,2048
347,6382,15.0,256,50,"[1, 0, 0, 1, 0, 0, 1, 0, 1, 0, 1, 0, 0, 1, 1, 0, 1, 0, 1, 0]",18.44058297000447,26,2048
348,6382,15.0,512,50,"[1, 0, 0, 1, 0, 0, 1, 0, 1, 0, 1, 0, 0, 1, 1, 0, 1, 0, 1, 0]",18.44058297000447,26,2048
349,6382,15.0,1024,50,"[1, 0, 0, 1, 0, 0, 1, 0, 1, 0, 1, 0, 0, 1, 1, 0, 1, 0, 1, 0]",18.44058297000447,26,2048
350,6382,15.0,2048,50,"[1, 0, 0, 1, 0, 0, 1, 0, 1, 0, 1, 0, 0, 1, 1, 0, 1, 0, 1, 0]",18.44058297000447,26,2048
351,6382,7.0,0,50,"[1, 0, 0, 1, 1, 1, 1, 0, 1, 1, 0, 0, 0, 0, 0, 1, 1, 0, 0, 0]",18.51113109900325,27,2048
352,6383,7.0,1,50,"[1, 0, 0, 1, 1, 1, 1, 0, 1, 1, 0, 0, 0, 0, 0, 1, 1, 0, 0, 0]",18.583659543000977,27,2048
353,6384,7.0,2,50,"[1, 0, 0, 1, 1, 1, 1, 0, 1, 1, 0, 0, 0, 0, 0, 1, 1, 0, 0, 0]",18.656623987000785,27,2048
354,6387,9.0,4,50,"[1, 0, 0, 1, 1, 1, 1, 0, 1, 1, 0, 0, 0, 0, 0, 1, 1, 0, 1, 0]",18.732205131003866,27,2048
355,6392,11.0,8,50,"[1, 0, 0, 1, 1, 1, 1, 0, 1, 1, 0, 1, 0, 0, 0, 1, 1, 0, 1, 0]",18.81227873700118,27,2048
356,6401,13.0,16,50,"[1, 0, 0, 1, 1, 0, 1, 0, 1, 1, 0, 1, 0, 0, 0, 1, 1, 0, 1, 0]",18.904579515998194,27,2048
357,6417,13.0,32,50,"[1, 0, 0, 1, 1, 0, 1, 0, 1, 1, 0, 1, 0, 0, 0, 1, 1, 0, 1, 0]",19.017467946003308,27,2048
358,6450,15.0,64,50,"[1, 0, 0, 1, 1, 0, 1, 0, 1, 1, 0, 1, 0, 1, 0, 1, 1, 0, 1, 0]",19.17294890800258,27,2048
359,6514,15.0,128,50,"[1, 0, 0, 1, 1, 0, 1, 0, 1, 1, 0, 1, 0, 1, 0, 1, 1, 0, 1, 0]",19.41259314800118,27,2048
360,6626,15.0,256,50,"[1, 0, 0, 1, 1, 0, 1, 0, 1, 1, 0, 1, 0, 1, 0, 1, 1, 0, 1, 0]",19.782058477001556,27,2048
361,6626,15.0,512,50,"[1, 0, 0, 1, 1, 0, 1, 0, 1, 1, 0, 1, 0, 1, 0, 1, 1, 0, 1, 0]",19.782058477001556,27,2048
362,6626,15.0,1024,50,"[1, 0, 0, 1, 1, 0, 1, 0, 1, 1, 0, 1, 0, 1, 0, 1, 1, 0, 1, 0]",19.782058477001556,27,2048
363,6626,15.0,2048,50,"[1, 0, 0, 1, 1, 0, 1, 0, 1, 1, 0, 1, 0, 1, 0, 1, 1, 0, 1, 0]",19.782058477001556,27,2048
364,6626,10.0,0,50,"[0, 1, 1, 1, 0, 0, 0, 1, 0, 1, 1, 0, 0, 1, 1, 1, 0, 0, 1, 0]",19.85536734299967,28,2048
365,6627,10.0,1,50,"[0, 1, 1, 1, 0, 0, 0, 1, 0, 1, 1, 0, 0, 1, 1, 1, 0, 0, 1, 0]",19.93105351900158,28,2048
366,6628,10.0,2,50,"[0, 1, 1, 1, 0, 0, 0, 1, 0, 1, 1, 0, 0, 1, 1, 1, 0, 0, 1, 0]",20.007066168000165,28,2048
367,6630,10.0,4,50,"[0, 1, 1, 1, 0, 0, 0, 1, 0, 1, 1, 0, 0, 1, 1, 1, 0, 0, 1, 0]",20.085708472004626,28,2048
368,6635,12.0,8,50,"[0, 1, 1, 1, 0, 1, 0, 1, 0, 1, 1, 0, 0, 1, 1, 1, 0, 0, 1, 0]",20.170041965000564,28,2048
369,6644,14.0,16,50,"[0, 1, 1, 1, 0, 1, 0, 1, 0, 1, 1, 0, 0, 1, 0, 1, 0, 0, 1, 0]",20.264895723004884,28,2048
370,6661,16.0,32,50,"[0, 1, 0, 1, 0, 1, 0, 1, 0, 1, 1, 0, 0, 1, 0, 1, 0, 0, 1, 0]",20.38188946399896,28,2048
371,6693,16.0,64,50,"[0, 1, 0, 1, 0, 1, 0, 1, 0, 1, 1, 0, 0, 1, 0, 1, 0, 0, 1, 0]",20.54129269200348,28,2048
372,6757,16.0,128,50,"[0, 1, 0, 1, 0, 1, 0, 1, 0, 1, 1, 0, 0, 1, 0, 1, 0, 0, 1, 0]",20.787631473998772,28,2048
373,6855,16.0,256,50,"[0, 1, 0, 1, 0, 1, 0, 1, 0, 1, 1, 0, 0, 1, 0, 1, 0, 0, 1, 0]",21.134089084000152,28,2048
374,6855,16.0,512,50,"[0, 1, 0, 1, 0, 1, 0, 1, 0, 1, 1, 0, 0, 1, 0, 1, 0, 0, 1, 0]",21.134089084000152,28,2048
375,6855,16.0,1024,50,"[0, 1, 0, 1, 0, 1, 0, 1, 0, 1, 1, 0, 0, 1, 0, 1, 0, 0, 1, 0]",21.134089084000152,28,2048
376,6855,16.0,2048,50,"[0, 1, 0, 1, 0, 1, 0, 1, 0, 1, 1, 0, 0, 1, 0, 1, 0, 0, 1, 0]",21.134089084000152,28,2048
377,6855,11.0,0,50,"[0, 0, 1, 0, 1, 0, 0, 0, 0, 0, 1, 1, 0, 1, 1, 0, 1, 0, 1, 1]",21.20970792300068,29,2048
378,6856,11.0,1,50,"[0, 0, 1, 0, 1, 0, 0, 0, 0, 0, 1, 1, 0, 1, 1, 0, 1, 0, 1, 1]",21.287509560002945,29,2048
379,6857,11.0,2,50,"[0, 0, 1, 0, 1, 0, 0, 0, 0, 0, 1, 1, 0, 1, 1, 0, 1, 0, 1, 1]",21.365387933998136,29,2048
380,6861,14.0,4,50,"[1, 0, 1, 0, 1, 0, 0, 1, 0, 0, 1, 1, 0, 1, 1, 0, 1, 0, 1, 1]",21.44578522300435,29,2048
381,6865,14.0,8,50,"[1, 0, 1, 0, 1, 0, 0, 1, 0, 0, 1, 1, 0, 1, 1, 0, 1, 0, 1, 1]",21.5313740269994,29,2048
382,6873,14.0,16,50,"[1, 0, 1, 0, 1, 0, 0, 1, 0, 0, 1, 1, 0, 1, 1, 0, 1, 0, 1, 1]",21.627934898002422,29,2048
383,6890,15.0,32,50,"[1, 0, 1, 0, 1, 0, 0, 1, 0, 0, 1, 1, 0, 1, 1, 0, 1, 0, 1, 0]",21.74782304999826,29,2048
384,6922,15.0,64,50,"[1, 0, 1, 0, 1, 0, 0, 1, 0, 0, 1, 1, 0, 1, 1, 0, 1, 0, 1, 0]",21.914103084003727,29,2048
385,6986,15.0,128,50,"[1, 0, 1, 0, 1, 0, 0, 1, 0, 0, 1, 1, 0, 1, 1, 0, 1, 0, 1, 0]",22.16991686700203,29,2048
386,7087,15.0,256,50,"[1, 0, 1, 0, 1, 0, 0, 1, 0, 0, 1, 1, 0, 1, 1, 0, 1, 0, 1, 0]",22.532483437003975,29,2048
387,7087,15.0,512,50,"[1, 0, 1, 0, 1, 0, 0, 1, 0, 0, 1, 1, 0, 1, 1, 0, 1, 0, 1, 0]",22.532483437003975,29,2048
388,7087,15.0,1024,50,"[1, 0, 1, 0, 1, 0, 0, 1, 0, 0, 1, 1, 0, 1, 1, 0, 1, 0, 1, 0]",22.532483437003975,29,2048
389,7087,15.0,2048,50,"[1, 0, 1, 0, 1, 0, 0, 1, 0, 0, 1, 1, 0, 1, 1, 0, 1, 0, 1, 0]",22.532483437003975,29,2048
390,7087,9.0,0,50,"[1, 0, 0, 1, 1, 1, 0, 0, 1, 1, 0, 1, 1, 1, 1, 1, 0, 1, 1, 0]",22.610433635003574,30,2048
391,7088,9.0,1,50,"[1, 0, 0, 1, 1, 1, 0, 0, 1, 1, 0, 1, 1, 1, 1, 1, 0, 1, 1, 0]",22.691174822000903,30,2048
392,7089,9.0,2,50,"[1, 0, 0, 1, 1, 1, 0, 0, 1, 1, 0, 1, 1, 1, 1, 1, 0, 1, 1, 0]",22.771883214998525,30,2048
393,7091,9.0,4,50,"[1, 0, 0, 1, 1, 1, 0, 0, 1, 1, 0, 1, 1, 1, 1, 1, 0, 1, 1, 0]",22.857178097998258,30,2048
394,7095,9.0,8,50,"[1, 0, 0, 1, 1, 1, 0, 0, 1, 1, 0, 1, 1, 1, 1, 1, 0, 1, 1, 0]",22.94641036500252,30,2048
395,7106,15.0,16,50,"[1, 0, 0, 1, 0, 1, 0, 0, 1, 1, 0, 1, 0, 1, 0, 1, 0, 1, 1, 0]",23.047485435999988,30,2048
396,7122,15.0,32,50,"[1, 0, 0, 1, 0, 1, 0, 0, 1, 1, 0, 1, 0, 1, 0, 1, 0, 1, 1, 0]",23.170549339003628,30,2048
397,7154,15.0,64,50,"[1, 0, 0, 1, 0, 1, 0, 0, 1, 1, 0, 1, 0, 1, 0, 1, 0, 1, 1, 0]",23.340936635002436,30,2048
398,7218,15.0,128,50,"[1, 0, 0, 1, 0, 1, 0, 0, 1, 1, 0, 1, 0, 1, 0, 1, 0, 1, 1, 0]",23.604211347999808,30,2048
399,7304,15.0,256,50,"[1, 0, 0, 1, 0, 1, 0, 0, 1, 1, 0, 1, 0, 1, 0, 1, 0, 1, 1, 0]",23.93499172200245,30,2048
400,7304,15.0,512,50,"[1, 0, 0, 1, 0, 1, 0, 0, 1, 1, 0, 1, 0, 1, 0, 1, 0, 1, 1, 0]",23.93499172200245,30,2048
401,7304,15.0,1024,50,"[1, 0, 0, 1, 0, 1, 0, 0, 1, 1, 0, 1, 0, 1, 0, 1, 0, 1, 1, 0]",23.93499172200245,30,2048
402,7304,15.0,2048,50,"[1, 0, 0, 1, 0, 1, 0, 0, 1, 1, 0, 1, 0, 1, 0, 1, 0, 1, 1, 0]",23.93499172200245,30,2048
403,7304,10.0,0,50,"[1, 0, 0, 1, 1, 0, 0, 1, 1, 0, 1, 1, 1, 0, 1, 0, 0, 0, 1, 1]",24.015029717003927,31,2048
404,7305,10.0,1,50,"[1, 0, 0, 1, 1, 0, 0, 1, 1, 0, 1, 1, 1, 0, 1, 0, 0, 0, 1, 1]",24.097763644000224,31,2048
405,7306,10.0,2,50,"[1, 0, 0, 1, 1, 0, 0, 1, 1, 0, 1, 1, 1, 0, 1, 0, 0, 0, 1, 1]",24.180078622004658,31,2048
406,7308,10.0,4,50,"[1, 0, 0, 1, 1, 0, 0, 1, 1, 0, 1, 1, 1, 0, 1, 0, 0, 0, 1, 1]",24.266486571003043,31,2048
407,7312,10.0,8,50,"[1, 0, 0, 1, 1, 0, 0, 1, 1, 0, 1, 1, 1, 0, 1, 0, 0, 0, 1, 1]",24.358132264998858,31,2048
408,7320,10.0,16,50,"[1, 0, 0, 1, 1, 0, 0, 1, 1, 0, 1, 1, 1, 0, 1, 0, 0, 0, 1, 1]",24.460927377003827,31,2048
409,7337,11.0,32,50,"[1, 0, 0, 1, 1, 0, 0, 1, 1, 0, 1, 1, 1, 0, 1, 0, 0, 0, 1, 0]",24.587826381000923,31,2048
410,7370,13.0,64,50,"[1, 0, 0, 1, 1, 0, 0, 1, 1, 0, 1, 0, 1, 0, 1, 0, 0, 0, 1, 0]",24.763229803000286,31,2048
411,7435,15.0,128,50,"[1, 0, 0, 1, 1, 0, 0, 1, 1, 0, 1, 0, 1, 0, 1, 0, 1, 0, 1, 0]",25.03450792199874,31,2048
412,7563,15.0,256,50,"[1, 0, 0, 1, 1, 0, 0, 1, 1, 0, 1, 0, 1, 0, 1, 0, 1, 0, 1, 0]",25.50314286399953,31,2048
413,7591,15.0,512,50,"[1, 0, 0, 1, 1, 0, 0, 1, 1, 0, 1, 0, 1, 0, 1, 0, 1, 0, 1, 0]",25.67225447799865,31,2048
414,7591,15.0,1024,50,"[1, 0, 0, 1, 1, 0, 0, 1, 1, 0, 1, 0, 1, 0, 1, 0, 1, 0, 1, 0]",25.67225447799865,31,2048
415,7591,15.0,2048,50,"[1, 0, 0, 1, 1, 0, 0, 1, 1, 0, 1, 0, 1, 0, 1, 0, 1, 0, 1, 0]",25.67225447799865,31,2048
416,7591,7.0,0,50,"[0, 0, 1, 1, 0, 0, 0, 1, 1, 0, 0, 0, 1, 1, 1, 0, 0, 0, 0, 1]",25.7556088679994,32,2048
417,7592,7.0,1,50,"[0, 0, 1, 1, 0, 0, 0, 1, 1, 0, 0, 0, 1, 1, 1, 0, 0, 0, 0, 1]",25.841168874998402,32,2048
418,7593,7.0,2,50,"[0, 0, 1, 1, 0, 0, 0, 1, 1, 0, 0, 0, 1, 1, 1, 0, 0, 0, 0, 1]",25.929209612004342,32,2048
419,7596,9.0,4,50,"[0, 0, 1, 1, 0, 1, 0, 1, 1, 0, 0, 0, 1, 1, 1, 0, 0, 0, 0, 1]",26.01902274299937,32,2048
420,7601,11.0,8,50,"[0, 0, 1, 1, 0, 1, 0, 1, 1, 0, 1, 0, 1, 1, 1, 0, 0, 0, 0, 1]",26.11497263500496,32,2048
421,7611,14.0,16,50,"[1, 0, 1, 1, 0, 1, 0, 1, 1, 0, 1, 0, 1, 1, 1, 0, 0, 1, 0, 1]",26.22363917500479,32,2048
422,7628,16.0,32,50,"[1, 0, 1, 1, 0, 1, 0, 1, 1, 0, 1, 0, 1, 0, 1, 0, 0, 1, 0, 1]",26.356241071000113,32,2048
423,7660,16.0,64,50,"[1, 0, 1, 1, 0, 1, 0, 1, 1, 0, 1, 0, 1, 0, 1, 0, 0, 1, 0, 1]",26.53873627300345,32,2048
424,7724,16.0,128,50,"[1, 0, 1, 1, 0, 1, 0, 1, 1, 0, 1, 0, 1, 0, 1, 0, 0, 1, 0, 1]",26.82308134100458,32,2048
425,7822,16.0,256,50,"[1, 0, 1, 1, 0, 1, 0, 1, 1, 0, 1, 0, 1, 0, 1, 0, 0, 1, 0, 1]",27.21651346699946,32,2048
426,7822,16.0,512,50,"[1, 0, 1, 1, 0, 1, 0, 1, 1, 0, 1, 0, 1, 0, 1, 0, 0, 1, 0, 1]",27.21651346699946,32,2048
427,7822,16.0,1024,50,"[1, 0, 1, 1, 0, 1, 0, 1, 1, 0, 1, 0, 1, 0, 1, 0, 0, 1, 0, 1]",27.21651346699946,32,2048
428,7822,16.0,2048,50,"[1, 0, 1, 1, 0, 1, 0, 1, 1, 0, 1, 0, 1, 0, 1, 0, 0, 1, 0, 1]",27.21651346699946,32,2048
429,7822,6.0,0,50,"[1, 1, 1, 1, 1, 0, 1, 0, 1, 1, 1, 0, 0, 0, 0, 0, 0, 0, 1, 1]",27.302041615002963,33,2048
430,7823,6.0,1,50,"[1, 1, 1, 1, 1, 0, 1, 0, 1, 1, 1, 0, 0, 0, 0, 0, 0, 0, 1, 1]",27.390652417998353,33,2048
431,7825,8.0,2,50,"[1, 1, 1, 0, 1, 0, 1, 0, 1, 1, 1, 0, 0, 0, 0, 0, 0, 0, 1, 1]",27.478424603003077,33,2048
432,7827,8.0,4,50,"[1, 1, 1, 0, 1, 0, 1, 0, 1, 1, 1, 0, 0, 0, 0, 0, 0, 0, 1, 1]",27.56940628599841,33,2048
433,7832,10.0,8,50,"[1, 1, 1, 0, 1, 0, 1, 0, 1, 0, 1, 0, 0, 0, 0, 0, 0, 0, 1, 1]",27.666877306997776,33,2048
434,7841,11.0,16,50,"[1, 1, 1, 0, 1, 0, 1, 0, 1, 0, 1, 0, 0, 0, 0, 0, 0, 0, 1, 0]",27.776770342999953,33,2048
435,7860,17.0,32,50,"[1, 0, 1, 0, 1, 0, 1, 0, 1, 0, 1, 0, 0, 0, 1, 0, 1, 0, 1, 0]",27.913266116003797,33,2048
436,7867,19.0,64,50,"[1, 0, 1, 0, 1, 0, 1, 0, 1, 0, 1, 0, 1, 0, 1, 0, 1, 0, 1, 0]",28.018327518999286,33,2048
437,7867,19.0,128,50,"[1, 0, 1, 0, 1, 0, 1, 0, 1, 0, 1, 0, 1, 0, 1, 0, 1, 0, 1, 0]",28.018327518999286,33,2048
438,7867,19.0,256,50,"[1, 0, 1, 0, 1, 0, 1, 0, 1, 0, 1, 0, 1, 0, 1, 0, 1, 0, 1, 0]",28.018327518999286,33,2048
439,7867,19.0,512,50,"[1, 0, 1, 0, 1, 0, 1, 0, 1, 0, 1, 0, 1, 0, 1, 0, 1, 0, 1, 0]",28.018327518999286,33,2048
440,7867,19.0,1024,50,"[1, 0, 1, 0, 1, 0, 1, 0, 1, 0, 1, 0, 1, 0, 1, 0, 1, 0, 1, 0]",28.018327518999286,33,2048
441,7867,19.0,2048,50,"[1, 0, 1, 0, 1, 0, 1, 0, 1, 0, 1, 0, 1, 0, 1, 0, 1, 0, 1, 0]",28.018327518999286,33,2048
