,FEvals,Fitness,Iteration,Temperature,Time,max_iters
0,0.0,16.0,0,5,0.001237848999153357,2048
1,2.0,18.0,1,5,0.007506781999836676,2048
2,3.0,18.0,2,5,0.01296696299687028,2048
3,5.0,14.0,3,5,0.018900399998528883,2048
4,7.0,11.0,4,5,0.020027098995342385,2048
5,9.0,10.0,5,5,0.026057867995405104,2048
6,11.0,9.0,6,5,0.027208047999010887,2048
7,12.0,9.0,7,5,0.027817116999358404,2048
8,14.0,8.0,8,5,0.02893635499640368,2048
9,16.0,9.0,9,5,0.03502585100068245,2048
10,18.0,8.0,10,5,0.03614979199483059,2048
11,20.0,7.0,11,5,0.037269439999363385,2048
12,21.0,7.0,12,5,0.03785951899772044,2048
13,23.0,9.0,13,5,0.038997926996671595,2048
14,25.0,10.0,14,5,0.04011517199978698,2048
15,27.0,13.0,15,5,0.041230616996472236,2048
16,28.0,13.0,16,5,0.04181695499573834,2048
17,30.0,10.0,17,5,0.04796428499685135,2048
18,32.0,10.0,18,5,0.049105202000646386,2048
19,34.0,11.0,19,5,0.050272773994947784,2048
20,36.0,10.0,20,5,0.05139523699472193,2048
21,37.0,10.0,21,5,0.05198516800010111,2048
22,39.0,10.0,22,5,0.05310875999566633,2048
23,41.0,9.0,23,5,0.054245036000793334,2048
24,43.0,11.0,24,5,0.05537122800160432,2048
25,45.0,11.0,25,5,0.05648420299985446,2048
26,47.0,10.0,26,5,0.05759588899672963,2048
27,49.0,10.0,27,5,0.05872813699534163,2048
28,51.0,11.0,28,5,0.059858773995074444,2048
29,52.0,11.0,29,5,0.06046372599666938,2048
30,53.0,11.0,30,5,0.061049830001138616,2048
31,55.0,9.0,31,5,0.06218821899528848,2048
32,57.0,11.0,32,5,0.06331822799984366,2048
33,59.0,12.0,33,5,0.06966104899765924,2048
34,61.0,13.0,34,5,0.07082592499500606,2048
35,63.0,11.0,35,5,0.07195901299564866,2048
36,64.0,11.0,36,5,0.07256601200060686,2048
37,66.0,11.0,37,5,0.07373477600049227,2048
38,68.0,11.0,38,5,0.0748951860005036,2048
39,70.0,11.0,39,5,0.07602699299604865,2048
40,72.0,11.0,40,5,0.07715401599853067,2048
41,73.0,11.0,41,5,0.07774763799534412,2048
42,75.0,10.0,42,5,0.07891248400119366,2048
43,76.0,10.0,43,5,0.07951026899536373,2048
44,78.0,9.0,44,5,0.08064391699736007,2048
45,80.0,10.0,45,5,0.08177384399459697,2048
46,82.0,10.0,46,5,0.0833750859965221,2048
47,83.0,10.0,47,5,0.08397763899847632,2048
48,85.0,11.0,48,5,0.08510165099869482,2048
49,87.0,11.0,49,5,0.08624670899735065,2048
50,89.0,10.0,50,5,0.08737819099769695,2048
51,91.0,7.0,51,5,0.08850118199916324,2048
52,93.0,9.0,52,5,0.08963766200031387,2048
53,95.0,9.0,53,5,0.09079648199985968,2048
54,97.0,9.0,54,5,0.09191077099967515,2048
55,99.0,9.0,55,5,0.09305574600148248,2048
56,100.0,9.0,56,5,0.09365801500098314,2048
57,102.0,9.0,57,5,0.09481374199822312,2048
58,103.0,9.0,58,5,0.09542074799537659,2048
59,105.0,10.0,59,5,0.09655078999639954,2048
60,106.0,10.0,60,5,0.09714768899721093,2048
61,108.0,11.0,61,5,0.09830635599792004,2048
62,110.0,10.0,62,5,0.09944423200067831,2048
63,112.0,10.0,63,5,0.10058240599755663,2048
64,113.0,10.0,64,5,0.10117619299853686,2048
65,114.0,10.0,65,5,0.10738248599955114,2048
66,116.0,12.0,66,5,0.10853151499759406,2048
67,118.0,13.0,67,5,0.10967633900145302,2048
68,120.0,14.0,68,5,0.11084047799522523,2048
69,122.0,14.0,69,5,0.11197760499635478,2048
70,124.0,15.0,70,5,0.11311112900148146,2048
71,125.0,15.0,71,5,0.11371982199489139,2048
72,127.0,15.0,72,5,0.1149129740006174,2048
73,129.0,16.0,73,5,0.116052432997094,2048
74,131.0,16.0,74,5,0.11717920899536693,2048
75,132.0,16.0,75,5,0.11780061799800023,2048
76,134.0,16.0,76,5,0.11895426599949133,2048
77,136.0,17.0,77,5,0.1200946609969833,2048
78,138.0,16.0,78,5,0.12121574299817439,2048
79,140.0,16.0,79,5,0.12241400299535599,2048
80,142.0,16.0,80,5,0.12355070399644319,2048
81,143.0,16.0,81,5,0.12415283700102009,2048
82,144.0,16.0,82,5,0.12476260800031014,2048
83,146.0,17.0,83,5,0.12590010200074175,2048
84,147.0,17.0,84,5,0.1265464329990209,2048
85,149.0,18.0,85,5,0.12768282999604708,2048
86,151.0,16.0,86,5,0.12881930499861483,2048
87,153.0,19.0,87,5,0.12994850899849553,2048
88,155.0,17.0,88,5,0.1311013759986963,2048
89,157.0,18.0,89,5,0.13224188399908599,2048
90,158.0,18.0,90,5,0.13285573099710746,2048
91,160.0,16.0,91,5,0.13398228699952597,2048
92,162.0,14.0,92,5,0.13512373800040223,2048
93,164.0,15.0,93,5,0.1362655810007709,2048
94,166.0,15.0,94,5,0.13743899499968393,2048
95,168.0,14.0,95,5,0.13860294999904,2048
96,170.0,12.0,96,5,0.13974565800162964,2048
97,171.0,12.0,97,5,0.1403651569999056,2048
98,173.0,12.0,98,5,0.14149989299767185,2048
99,175.0,11.0,99,5,0.1426648459964781,2048
100,177.0,11.0,100,5,0.1438105099950917,2048
101,179.0,11.0,101,5,0.14494820399704622,2048
102,181.0,11.0,102,5,0.14609412899881136,2048
103,182.0,11.0,103,5,0.14671698399615707,2048
104,184.0,10.0,104,5,0.14785922000010032,2048
105,186.0,9.0,105,5,0.14900007599499077,2048
106,188.0,8.0,106,5,0.1501601859999937,2048
107,189.0,8.0,107,5,0.15078997900127433,2048
108,190.0,8.0,108,5,0.15141072899859864,2048
109,192.0,7.0,109,5,0.1525453549984377,2048
110,193.0,7.0,110,5,0.15316159299982246,2048
111,195.0,7.0,111,5,0.15434214400011115,2048
112,196.0,7.0,112,5,0.15496468899800675,2048
113,198.0,8.0,113,5,0.1561060460007866,2048
114,200.0,7.0,114,5,0.15726827799517196,2048
115,202.0,7.0,115,5,0.15842402699490776,2048
116,204.0,7.0,116,5,0.15956311899935827,2048
117,205.0,7.0,117,5,0.16019312600110425,2048
118,206.0,7.0,118,5,0.16081257799669402,2048
119,208.0,10.0,119,5,0.16197657799784793,2048
120,209.0,10.0,120,5,0.16264176199911162,2048
121,211.0,9.0,121,5,0.16379260899702786,2048
122,212.0,9.0,122,5,0.1644153449960868,2048
123,214.0,9.0,123,5,0.16555798099579988,2048
124,216.0,8.0,124,5,0.16671389999828534,2048
125,217.0,8.0,125,5,0.16734304199781036,2048
126,219.0,8.0,126,5,0.1684844819974387,2048
127,220.0,8.0,127,5,0.16911545900074998,2048
128,222.0,9.0,128,5,0.17030453999905149,2048
129,223.0,9.0,129,5,0.17712179299996933,2048
130,225.0,10.0,130,5,0.17833524399611633,2048
131,227.0,10.0,131,5,0.17949985599989304,2048
132,228.0,10.0,132,5,0.18013785199582344,2048
133,230.0,11.0,133,5,0.18130080999981146,2048
134,232.0,11.0,134,5,0.1828404439947917,2048
135,234.0,11.0,135,5,0.18402348100062227,2048
136,236.0,11.0,136,5,0.18518672500067623,2048
137,237.0,11.0,137,5,0.18582563399831997,2048
138,238.0,11.0,138,5,0.18648831400059862,2048
139,240.0,12.0,139,5,0.18764861000090605,2048
140,242.0,13.0,140,5,0.1887984979985049,2048
141,243.0,13.0,141,5,0.18943776399828494,2048
142,245.0,14.0,142,5,0.190635132996249,2048
143,247.0,14.0,143,5,0.19180433699511923,2048
144,249.0,12.0,144,5,0.19295989199599717,2048
145,251.0,13.0,145,5,0.19412260899844114,2048
146,253.0,14.0,146,5,0.19531219900090946,2048
147,254.0,14.0,147,5,0.19594984199648025,2048
148,256.0,14.0,148,5,0.19711305599776097,2048
149,258.0,13.0,149,5,0.19830346099479357,2048
150,260.0,12.0,150,5,0.19948568799736677,2048
151,261.0,12.0,151,5,0.2001286429949687,2048
152,263.0,12.0,152,5,0.20131729599961545,2048
153,265.0,13.0,153,5,0.20263212300051237,2048
154,267.0,10.0,154,5,0.2036053650008398,2048
155,269.0,12.0,155,5,0.20455465799750527,2048
156,271.0,13.0,156,5,0.20550501099933172,2048
157,273.0,15.0,157,5,0.20644649300083984,2048
158,274.0,15.0,158,5,0.2069808349988307,2048
159,276.0,14.0,159,5,0.20790606700029457,2048
160,278.0,13.0,160,5,0.20883513199805748,2048
161,280.0,13.0,161,5,0.20976691800024128,2048
162,282.0,11.0,162,5,0.21072181099589216,2048
163,283.0,11.0,163,5,0.21123638800054323,2048
164,285.0,13.0,164,5,0.21217539799545193,2048
165,286.0,13.0,165,5,0.21269656899676193,2048
166,287.0,13.0,166,5,0.21321140600048238,2048
167,289.0,12.0,167,5,0.21415265399991767,2048
168,291.0,11.0,168,5,0.2150852569975541,2048
169,293.0,8.0,169,5,0.21600353800022276,2048
170,295.0,10.0,170,5,0.21693954600050347,2048
171,297.0,9.0,171,5,0.21785740299674217,2048
172,299.0,9.0,172,5,0.2188100079947617,2048
173,301.0,9.0,173,5,0.2197545379967778,2048
174,302.0,9.0,174,5,0.22027466999861645,2048
175,303.0,9.0,175,5,0.22080235999601427,2048
176,305.0,7.0,176,5,0.2217318740003975,2048
177,306.0,7.0,177,5,0.22229121399868745,2048
178,307.0,7.0,178,5,0.2228138040009071,2048
179,309.0,7.0,179,5,0.22389044299779925,2048
180,310.0,7.0,180,5,0.22446621699782554,2048
181,311.0,7.0,181,5,0.22501896299945656,2048
182,312.0,7.0,182,5,0.22555997599556576,2048
183,313.0,7.0,183,5,0.22610588899988215,2048
184,315.0,7.0,184,5,0.22705763099656906,2048
185,317.0,7.0,185,5,0.22799598499841522,2048
186,318.0,7.0,186,5,0.22852429100021254,2048
187,320.0,6.0,187,5,0.22944582499621902,2048
188,321.0,6.0,188,5,0.22997627099539386,2048
189,322.0,6.0,189,5,0.2305346860011923,2048
190,323.0,6.0,190,5,0.23106069599452894,2048
191,324.0,6.0,191,5,0.23159582499647513,2048
192,325.0,6.0,192,5,0.2321169770002598,2048
193,326.0,6.0,193,5,0.23265760299545946,2048
194,327.0,6.0,194,5,0.2331784029956907,2048
195,328.0,6.0,195,5,0.23370185800013132,2048
196,329.0,6.0,196,5,0.23425019999558572,2048
197,331.0,6.0,197,5,0.23519259900058387,2048
198,332.0,6.0,198,5,0.2357226809981512,2048
199,334.0,6.0,199,5,0.2366537400012021,2048
200,335.0,6.0,200,5,0.23718245299824048,2048
201,337.0,9.0,201,5,0.23812570099835284,2048
202,339.0,9.0,202,5,0.2390621390004526,2048
203,341.0,9.0,203,5,0.24001652899460169,2048
204,343.0,9.0,204,5,0.24095505599689204,2048
205,344.0,9.0,205,5,0.24149391999526415,2048
206,345.0,9.0,206,5,0.24203345099522267,2048
207,346.0,9.0,207,5,0.24261031700007152,2048
208,348.0,8.0,208,5,0.24354478999885032,2048
209,349.0,8.0,209,5,0.24407150499609997,2048
210,350.0,8.0,210,5,0.24460333000024548,2048
211,352.0,8.0,211,5,0.24555052999494364,2048
212,353.0,8.0,212,5,0.24609331499959808,2048
213,354.0,8.0,213,5,0.24663298599625705,2048
214,355.0,8.0,214,5,0.24716325099871028,2048
215,356.0,8.0,215,5,0.24770031099615153,2048
216,357.0,8.0,216,5,0.24823006199585507,2048
217,358.0,8.0,217,5,0.24876172599761048,2048
218,359.0,8.0,218,5,0.24930552899604663,2048
219,360.0,8.0,219,5,0.249848772000405,2048
220,361.0,8.0,220,5,0.250404858001275,2048
221,362.0,8.0,221,5,0.2509389309998369,2048
222,364.0,8.0,222,5,0.25189337699703174,2048
223,365.0,8.0,223,5,0.25243420799961314,2048
224,366.0,8.0,224,5,0.25296290400001453,2048
225,367.0,8.0,225,5,0.25350373800029047,2048
226,369.0,7.0,226,5,0.2544664509987342,2048
227,370.0,7.0,227,5,0.2550026069948217,2048
228,371.0,7.0,228,5,0.25554592099797446,2048
229,372.0,7.0,229,5,0.2560910309985047,2048
230,373.0,7.0,230,5,0.25663801100017736,2048
231,374.0,7.0,231,5,0.2571705739974277,2048
232,376.0,6.0,232,5,0.25812382599542616,2048
233,377.0,6.0,233,5,0.2586722479973105,2048
234,379.0,6.0,234,5,0.25964195899723563,2048
235,380.0,6.0,235,5,0.26018957999622216,2048
236,381.0,6.0,236,5,0.26073100199573673,2048
237,382.0,6.0,237,5,0.2612721789992065,2048
238,383.0,6.0,238,5,0.26180849299998954,2048
239,385.0,6.0,239,5,0.2628068549965974,2048
240,386.0,6.0,240,5,0.2633559169989894,2048
241,387.0,6.0,241,5,0.26389823899808107,2048
242,388.0,6.0,242,5,0.264439834994846,2048
243,390.0,6.0,243,5,0.26538425000035204,2048
244,391.0,6.0,244,5,0.2659288389986614,2048
245,392.0,6.0,245,5,0.26650292499834904,2048
246,393.0,6.0,246,5,0.26705341300112195,2048
247,394.0,6.0,247,5,0.2676037359997281,2048
248,395.0,6.0,248,5,0.2681447809954989,2048
249,397.0,6.0,249,5,0.2690972389973467,2048
250,398.0,6.0,250,5,0.26964992500143126,2048
251,399.0,6.0,251,5,0.27020341900060885,2048
252,400.0,6.0,252,5,0.27075292199879186,2048
253,401.0,6.0,253,5,0.27129844600131037,2048
254,403.0,5.0,254,5,0.27224356799706584,2048
255,404.0,5.0,255,5,0.2727936730007059,2048
256,405.0,5.0,256,5,0.27334182799677365,2048
257,407.0,5.0,257,5,0.281738025994855,2048
258,408.0,5.0,258,5,0.2823345399956452,2048
259,409.0,5.0,259,5,0.28288568800053326,2048
260,411.0,4.0,260,5,0.283841944001324,2048
261,412.0,4.0,261,5,0.2844086149998475,2048
262,413.0,4.0,262,5,0.2849701829982223,2048
263,414.0,4.0,263,5,0.2855648810000275,2048
264,415.0,4.0,264,5,0.28613379199669,2048
265,416.0,4.0,265,5,0.28669302399794105,2048
266,417.0,4.0,266,5,0.2872444149979856,2048
267,418.0,4.0,267,5,0.2877979939949,2048
268,419.0,4.0,268,5,0.28835032799543114,2048
269,420.0,4.0,269,5,0.2889010029975907,2048
270,421.0,4.0,270,5,0.2894659119992866,2048
271,422.0,4.0,271,5,0.29002498599584214,2048
272,423.0,4.0,272,5,0.29061193599773105,2048
273,424.0,4.0,273,5,0.2911705989972688,2048
274,425.0,4.0,274,5,0.29173036399879493,2048
275,426.0,4.0,275,5,0.2922845930006588,2048
276,427.0,4.0,276,5,0.2928376979980385,2048
277,428.0,4.0,277,5,0.2933903829980409,2048
278,429.0,4.0,278,5,0.29394403399783187,2048
279,430.0,4.0,279,5,0.29453552999621024,2048
280,431.0,4.0,280,5,0.2950881610013312,2048
281,432.0,4.0,281,5,0.2956476359977387,2048
282,433.0,4.0,282,5,0.2961974299978465,2048
283,434.0,4.0,283,5,0.2967544779967284,2048
284,435.0,4.0,284,5,0.29732051799510373,2048
285,436.0,4.0,285,5,0.2978725229986594,2048
286,438.0,4.0,286,5,0.29886559499573195,2048
287,439.0,4.0,287,5,0.2994282219951856,2048
288,440.0,4.0,288,5,0.2999922279996099,2048
289,442.0,3.0,289,5,0.30097315600141883,2048
290,444.0,3.0,290,5,0.30194192999624647,2048
291,445.0,3.0,291,5,0.30255995399784297,2048
292,446.0,3.0,292,5,0.3031227589963237,2048
293,447.0,3.0,293,5,0.30369442400115076,2048
294,448.0,3.0,294,5,0.30425760200159857,2048
295,449.0,3.0,295,5,0.30482295099500334,2048
296,450.0,3.0,296,5,0.30538560699642403,2048
297,451.0,3.0,297,5,0.30595074799930444,2048
298,452.0,3.0,298,5,0.3065441739963717,2048
299,453.0,3.0,299,5,0.307109365996439,2048
300,454.0,3.0,300,5,0.3076791669955128,2048
301,456.0,3.0,301,5,0.3086512189984205,2048
302,457.0,3.0,302,5,0.309223372998531,2048
303,458.0,3.0,303,5,0.30979867599671707,2048
304,459.0,3.0,304,5,0.3103809519961942,2048
305,460.0,3.0,305,5,0.31094854600087274,2048
306,461.0,3.0,306,5,0.3115268670007936,2048
307,462.0,3.0,307,5,0.3120883399969898,2048
308,463.0,3.0,308,5,0.3126656759995967,2048
309,464.0,3.0,309,5,0.3132264839950949,2048
310,465.0,3.0,310,5,0.31380496799829416,2048
311,466.0,3.0,311,5,0.31440303399722325,2048
312,467.0,3.0,312,5,0.31497568499617046,2048
313,468.0,3.0,313,5,0.31554753499949584,2048
314,469.0,3.0,314,5,0.3161101919977227,2048
315,470.0,3.0,315,5,0.31668486099806614,2048
316,471.0,3.0,316,5,0.31724236399895744,2048
317,472.0,3.0,317,5,0.31781940200016834,2048
318,473.0,3.0,318,5,0.3184130980007467,2048
319,474.0,3.0,319,5,0.3189788689996931,2048
320,475.0,3.0,320,5,0.31955157699849224,2048
321,476.0,3.0,321,5,0.32012194200069644,2048
322,477.0,3.0,322,5,0.3207130730006611,2048
323,478.0,3.0,323,5,0.32128674699924886,2048
324,480.0,4.0,324,5,0.3223052600005758,2048
325,482.0,4.0,325,5,0.32328966399654746,2048
326,483.0,4.0,326,5,0.32386633299756795,2048
327,484.0,4.0,327,5,0.3244481319998158,2048
328,485.0,4.0,328,5,0.3250180260001798,2048
329,487.0,4.0,329,5,0.325989621996996,2048
330,488.0,4.0,330,5,0.32658082399575505,2048
331,489.0,4.0,331,5,0.3271520749985939,2048
332,490.0,4.0,332,5,0.3277323410002282,2048
333,491.0,4.0,333,5,0.32830727200052934,2048
334,492.0,4.0,334,5,0.32888109999476,2048
335,493.0,4.0,335,5,0.3294562529990799,2048
336,494.0,4.0,336,5,0.33003288899635663,2048
337,495.0,4.0,337,5,0.33064039899909403,2048
338,496.0,4.0,338,5,0.3312192999947001,2048
339,498.0,4.0,339,5,0.3321952580008656,2048
340,499.0,4.0,340,5,0.3327769419993274,2048
341,500.0,4.0,341,5,0.33335414299654076,2048
342,502.0,4.0,342,5,0.3343579549982678,2048
343,503.0,4.0,343,5,0.3349398239952279,2048
344,504.0,4.0,344,5,0.33552127499569906,2048
345,506.0,4.0,345,5,0.33651214499695925,2048
346,507.0,4.0,346,5,0.33708894300070824,2048
347,508.0,4.0,347,5,0.33766981799999485,2048
348,509.0,4.0,348,5,0.3382701660011662,2048
349,510.0,4.0,349,5,0.33885107699461514,2048
350,511.0,4.0,350,5,0.33943974699650425,2048
351,512.0,4.0,351,5,0.3400261110000429,2048
352,513.0,4.0,352,5,0.34061167600157205,2048
353,515.0,4.0,353,5,0.34160193400020944,2048
354,516.0,4.0,354,5,0.34220802599884337,2048
355,517.0,4.0,355,5,0.3427993389996118,2048
356,518.0,4.0,356,5,0.3433841340010986,2048
357,519.0,4.0,357,5,0.3439642469966202,2048
358,520.0,4.0,358,5,0.344558953998785,2048
359,522.0,4.0,359,5,0.3455426579967025,2048
360,523.0,4.0,360,5,0.3461380939988885,2048
361,524.0,4.0,361,5,0.34673293300147634,2048
362,525.0,4.0,362,5,0.34732198099663947,2048
363,526.0,4.0,363,5,0.3479054150011507,2048
364,527.0,4.0,364,5,0.34850612100126455,2048
365,528.0,4.0,365,5,0.3490929889958352,2048
366,529.0,4.0,366,5,0.3497297219946631,2048
367,530.0,4.0,367,5,0.3503466069960268,2048
368,531.0,4.0,368,5,0.35093316200072877,2048
369,532.0,4.0,369,5,0.3515324249965488,2048
370,533.0,4.0,370,5,0.3521303019952029,2048
371,534.0,4.0,371,5,0.3527244119977695,2048
372,535.0,4.0,372,5,0.3533271119958954,2048
373,536.0,4.0,373,5,0.35391193800023757,2048
374,538.0,4.0,374,5,0.3549282690000837,2048
375,539.0,4.0,375,5,0.3555231409991393,2048
376,540.0,4.0,376,5,0.3561105469998438,2048
377,541.0,4.0,377,5,0.3567002060008235,2048
378,542.0,4.0,378,5,0.3572958469958394,2048
379,543.0,4.0,379,5,0.3578879139968194,2048
380,545.0,3.0,380,5,0.3589048739959253,2048
381,546.0,3.0,381,5,0.3594999979977729,2048
382,548.0,3.0,382,5,0.36049509399890667,2048
383,549.0,3.0,383,5,0.3610846449955716,2048
384,550.0,3.0,384,5,0.3616906620009104,2048
385,551.0,3.0,385,5,0.3623127940008999,2048
386,552.0,3.0,386,5,0.362913340999512,2048
387,553.0,3.0,387,5,0.3635185469975113,2048
388,554.0,3.0,388,5,0.36411706099897856,2048
389,555.0,3.0,389,5,0.36472023299575085,2048
390,556.0,3.0,390,5,0.3653203099966049,2048
391,557.0,3.0,391,5,0.36591414499707753,2048
392,558.0,3.0,392,5,0.36652967400004854,2048
393,559.0,3.0,393,5,0.3671183269980247,2048
394,560.0,3.0,394,5,0.36771932499686955,2048
395,561.0,3.0,395,5,0.368317289998231,2048
396,563.0,3.0,396,5,0.3693193479994079,2048
397,564.0,3.0,397,5,0.3699224449956091,2048
398,566.0,3.0,398,5,0.37097048099531094,2048
399,567.0,3.0,399,5,0.37159074699593475,2048
400,568.0,3.0,400,5,0.37218930699600605,2048
401,569.0,3.0,401,5,0.3727956379952957,2048
402,570.0,3.0,402,5,0.3734037019967218,2048
403,572.0,3.0,403,5,0.374433279997902,2048
404,573.0,3.0,404,5,0.3750391869980376,2048
405,574.0,3.0,405,5,0.37565258099493803,2048
406,575.0,3.0,406,5,0.37625374399794964,2048
407,576.0,3.0,407,5,0.3768625239972607,2048
408,577.0,3.0,408,5,0.37747088600008283,2048
409,578.0,3.0,409,5,0.3780887259999872,2048
410,579.0,3.0,410,5,0.3787028989972896,2048
411,580.0,3.0,411,5,0.379317077997257,2048
412,582.0,3.0,412,5,0.3803449549959623,2048
413,583.0,3.0,413,5,0.3809476679962245,2048
414,584.0,3.0,414,5,0.38156732399511384,2048
415,586.0,3.0,415,5,0.38262463499995647,2048
416,587.0,3.0,416,5,0.3832348110008752,2048
417,588.0,3.0,417,5,0.38384896099887555,2048
418,589.0,3.0,418,5,0.3844558139971923,2048
419,590.0,3.0,419,5,0.3850589680005214,2048
420,591.0,3.0,420,5,0.3856671359972097,2048
421,593.0,3.0,421,5,0.38670442599686794,2048
422,594.0,3.0,422,5,0.3873153789973003,2048
423,595.0,3.0,423,5,0.38791865600069286,2048
424,596.0,3.0,424,5,0.38853377999475924,2048
425,597.0,3.0,425,5,0.38914342299540294,2048
426,598.0,3.0,426,5,0.3897657080015051,2048
427,599.0,3.0,427,5,0.390406181999424,2048
428,600.0,3.0,428,5,0.39101414199831197,2048
429,602.0,3.0,429,5,0.3920440529982443,2048
430,603.0,3.0,430,5,0.3926562689957791,2048
431,604.0,3.0,431,5,0.3932706679988769,2048
432,605.0,3.0,432,5,0.39388105499529047,2048
433,606.0,3.0,433,5,0.39450995499646524,2048
434,607.0,3.0,434,5,0.39512037499662256,2048
435,608.0,3.0,435,5,0.3957444560001022,2048
436,609.0,3.0,436,5,0.3963634309984627,2048
437,610.0,3.0,437,5,0.3969709070006502,2048
438,612.0,3.0,438,5,0.3979888889953145,2048
439,613.0,3.0,439,5,0.3986368469995796,2048
440,615.0,3.0,440,5,0.39968305100046564,2048
441,616.0,3.0,441,5,0.4003048230006243,2048
442,617.0,3.0,442,5,0.4009200549990055,2048
443,618.0,3.0,443,5,0.4015399999989313,2048
444,619.0,3.0,444,5,0.40217397699598223,2048
445,620.0,3.0,445,5,0.40280141499533784,2048
446,621.0,3.0,446,5,0.40342356199835194,2048
447,622.0,3.0,447,5,0.4040361399966059,2048
448,623.0,3.0,448,5,0.4046645799971884,2048
449,624.0,3.0,449,5,0.4052905999997165,2048
450,625.0,3.0,450,5,0.405905145998986,2048
451,626.0,3.0,451,5,0.40654979499959154,2048
452,627.0,3.0,452,5,0.4071696699975291,2048
453,629.0,3.0,453,5,0.40819818199815927,2048
454,630.0,3.0,454,5,0.4088301160008996,2048
455,631.0,3.0,455,5,0.4094529200010584,2048
456,632.0,3.0,456,5,0.4100986209959956,2048
457,633.0,3.0,457,5,0.4107313259955845,2048
458,635.0,3.0,458,5,0.4117617619995144,2048
459,636.0,3.0,459,5,0.412389365999843,2048
460,637.0,3.0,460,5,0.41300895500171464,2048
461,639.0,3.0,461,5,0.4140732859959826,2048
462,640.0,3.0,462,5,0.41472752199479146,2048
463,641.0,3.0,463,5,0.4153678879956715,2048
464,642.0,3.0,464,5,0.4159933819973958,2048
465,643.0,3.0,465,5,0.4166242229985073,2048
466,644.0,3.0,466,5,0.4172453889987082,2048
467,646.0,3.0,467,5,0.41829031000088435,2048
468,647.0,3.0,468,5,0.4189193919955869,2048
469,648.0,3.0,469,5,0.4195460889968672,2048
470,649.0,3.0,470,5,0.42017390999535564,2048
471,650.0,3.0,471,5,0.42080994400021154,2048
472,651.0,3.0,472,5,0.4214428519990179,2048
473,653.0,3.0,473,5,0.4225131169951055,2048
474,654.0,3.0,474,5,0.42314092399465153,2048
475,655.0,3.0,475,5,0.4237738579977304,2048
476,656.0,3.0,476,5,0.42440482099482324,2048
477,657.0,3.0,477,5,0.4250318209960824,2048
478,658.0,3.0,478,5,0.4256720689954818,2048
479,659.0,3.0,479,5,0.42632407500059344,2048
480,660.0,3.0,480,5,0.4269524549963535,2048
481,661.0,3.0,481,5,0.42758364499604795,2048
482,662.0,3.0,482,5,0.4282040869948105,2048
483,663.0,3.0,483,5,0.4288331619973178,2048
484,664.0,3.0,484,5,0.42946648100041784,2048
485,665.0,3.0,485,5,0.4301221759960754,2048
486,666.0,3.0,486,5,0.430764498996723,2048
487,667.0,3.0,487,5,0.4313949419956771,2048
488,668.0,3.0,488,5,0.4320182899973588,2048
489,669.0,3.0,489,5,0.4326544949944946,2048
490,670.0,3.0,490,5,0.4333049159977236,2048
491,671.0,3.0,491,5,0.4339321169973118,2048
492,672.0,3.0,492,5,0.4345860379980877,2048
493,673.0,3.0,493,5,0.43522333500004606,2048
494,674.0,3.0,494,5,0.43586732300173026,2048
495,675.0,3.0,495,5,0.43650841099588433,2048
496,676.0,3.0,496,5,0.43714245099545224,2048
497,678.0,3.0,497,5,0.43819702299515484,2048
498,679.0,3.0,498,5,0.4388451949998853,2048
499,680.0,3.0,499,5,0.43949322999833385,2048
500,681.0,3.0,500,5,0.44014220599638065,2048
501,682.0,3.0,501,5,0.44078695200005313,2048
502,683.0,3.0,502,5,0.4414244849976967,2048
503,684.0,3.0,503,5,0.4420695039952989,2048
504,685.0,3.0,504,5,0.44280932499532355,2048
505,686.0,3.0,505,5,0.44347957400168525,2048
506,687.0,3.0,506,5,0.44411877999664284,2048
507,688.0,3.0,507,5,0.4447643800012884,2048
508,689.0,3.0,508,5,0.44540741400123807,2048
509,690.0,3.0,509,5,0.4460493899969151,2048
510,691.0,3.0,510,5,0.44671839499642374,2048
511,692.0,3.0,511,5,0.4473613939990173,2048
512,693.0,3.0,512,5,0.44800066799507476,2048
513,694.0,3.0,513,5,0.45881291900150245,2048
514,695.0,3.0,514,5,0.45948657400003867,2048
515,696.0,3.0,515,5,0.4601459170007729,2048
516,697.0,3.0,516,5,0.46079997700144304,2048
517,698.0,3.0,517,5,0.4614561609996599,2048
518,699.0,3.0,518,5,0.4621336869968218,2048
519,700.0,3.0,519,5,0.4627980799996294,2048
520,701.0,3.0,520,5,0.4634528099995805,2048
521,702.0,3.0,521,5,0.46410273899527965,2048
522,703.0,3.0,522,5,0.46475115200155415,2048
523,705.0,3.0,523,5,0.4658199510013219,2048
524,706.0,3.0,524,5,0.46649682599672815,2048
525,707.0,3.0,525,5,0.46714356599841267,2048
526,709.0,3.0,526,5,0.4681977289947099,2048
527,710.0,3.0,527,5,0.4688547309997375,2048
528,711.0,3.0,528,5,0.4695094959970447,2048
529,712.0,3.0,529,5,0.4701753469998948,2048
530,713.0,3.0,530,5,0.47083002900035353,2048
531,715.0,3.0,531,5,0.4718844309973065,2048
532,716.0,3.0,532,5,0.4725387779981247,2048
533,718.0,2.0,533,5,0.4735849509961554,2048
534,719.0,2.0,534,5,0.4742511000004015,2048
535,720.0,2.0,535,5,0.4749157939950237,2048
536,721.0,2.0,536,5,0.4755739199972595,2048
537,722.0,2.0,537,5,0.47622426800080575,2048
538,723.0,2.0,538,5,0.47688098900107434,2048
539,724.0,2.0,539,5,0.4775726189982379,2048
540,725.0,2.0,540,5,0.4782399089963292,2048
541,726.0,2.0,541,5,0.4789001129975077,2048
542,727.0,2.0,542,5,0.4795542360006948,2048
543,728.0,2.0,543,5,0.4802060980000533,2048
544,729.0,2.0,544,5,0.4808664369993494,2048
545,730.0,2.0,545,5,0.4815198899959796,2048
546,731.0,2.0,546,5,0.48219123399758246,2048
547,732.0,2.0,547,5,0.48285931300051743,2048
548,733.0,2.0,548,5,0.48351809800078627,2048
549,734.0,2.0,549,5,0.4841758819966344,2048
550,735.0,2.0,550,5,0.48483023399603553,2048
551,736.0,2.0,551,5,0.4854851729978691,2048
552,737.0,2.0,552,5,0.48615387299651047,2048
553,738.0,2.0,553,5,0.48682270100107417,2048
554,739.0,2.0,554,5,0.48747761299455306,2048
555,740.0,2.0,555,5,0.4881303160000243,2048
556,741.0,2.0,556,5,0.48879747199680423,2048
557,742.0,2.0,557,5,0.48946820499986643,2048
558,744.0,2.0,558,5,0.49056468599883374,2048
559,745.0,2.0,559,5,0.4912258039985318,2048
560,746.0,2.0,560,5,0.4918964159951429,2048
561,747.0,2.0,561,5,0.4925657349958783,2048
562,748.0,2.0,562,5,0.49323701599496417,2048
563,750.0,2.0,563,5,0.4943319349986268,2048
564,751.0,2.0,564,5,0.49499688999640057,2048
565,752.0,2.0,565,5,0.49566797699662857,2048
566,753.0,2.0,566,5,0.4963333799969405,2048
567,754.0,2.0,567,5,0.4969884780002758,2048
568,755.0,2.0,568,5,0.4976515109956381,2048
569,756.0,2.0,569,5,0.4983498849978787,2048
570,757.0,2.0,570,5,0.49901441000110935,2048
571,758.0,2.0,571,5,0.4996938839976792,2048
572,759.0,2.0,572,5,0.5003612840009737,2048
573,760.0,2.0,573,5,0.5010199419994024,2048
574,761.0,2.0,574,5,0.5016847869992489,2048
575,762.0,2.0,575,5,0.5023830860009184,2048
576,763.0,2.0,576,5,0.5030482840011246,2048
577,764.0,2.0,577,5,0.5037169520001044,2048
578,765.0,2.0,578,5,0.504381132996059,2048
579,766.0,2.0,579,5,0.5050396829974488,2048
580,767.0,2.0,580,5,0.505723329995817,2048
581,768.0,2.0,581,5,0.5064506859998801,2048
582,769.0,2.0,582,5,0.5071385789997294,2048
583,771.0,2.0,583,5,0.5082054589947802,2048
584,772.0,2.0,584,5,0.5088794019975467,2048
585,773.0,2.0,585,5,0.5095502600015607,2048
586,774.0,2.0,586,5,0.5102425059958478,2048
587,775.0,2.0,587,5,0.5109269979948294,2048
588,776.0,2.0,588,5,0.5115968589961994,2048
589,777.0,2.0,589,5,0.5122589179954957,2048
590,778.0,2.0,590,5,0.5129265819996363,2048
591,779.0,2.0,591,5,0.5135991419956554,2048
592,780.0,2.0,592,5,0.5142829620017437,2048
593,781.0,2.0,593,5,0.5149561209982494,2048
594,782.0,2.0,594,5,0.5156312969993451,2048
595,783.0,2.0,595,5,0.5163025750007364,2048
596,784.0,2.0,596,5,0.5169685869987006,2048
597,785.0,2.0,597,5,0.5176413629960734,2048
598,786.0,2.0,598,5,0.5183289589986089,2048
599,787.0,2.0,599,5,0.5190117730016937,2048
600,788.0,2.0,600,5,0.5196967949959799,2048
601,789.0,2.0,601,5,0.5203699759949814,2048
602,790.0,2.0,602,5,0.5210384219972184,2048
603,791.0,2.0,603,5,0.5217291859953548,2048
604,792.0,2.0,604,5,0.5224395589975757,2048
605,793.0,2.0,605,5,0.5231169429971487,2048
606,794.0,2.0,606,5,0.5238066320016515,2048
607,795.0,2.0,607,5,0.5244822449967614,2048
608,796.0,2.0,608,5,0.5251478479985963,2048
609,797.0,2.0,609,5,0.525823436997598,2048
610,798.0,2.0,610,5,0.5265267509967089,2048
611,799.0,2.0,611,5,0.5272041669959435,2048
612,800.0,2.0,612,5,0.5278921509961947,2048
613,801.0,2.0,613,5,0.528569066998898,2048
614,802.0,2.0,614,5,0.5292436570016434,2048
615,803.0,2.0,615,5,0.5299300109982141,2048
616,804.0,2.0,616,5,0.5306423059955705,2048
617,806.0,1.0,617,5,0.5317350190016441,2048
618,807.0,1.0,618,5,0.5324224579962902,2048
619,808.0,1.0,619,5,0.5331086449950817,2048
620,809.0,1.0,620,5,0.5337968859967077,2048
621,810.0,1.0,621,5,0.5345065689980402,2048
622,811.0,1.0,622,5,0.5351935619983124,2048
623,812.0,1.0,623,5,0.5358748489961727,2048
624,813.0,1.0,624,5,0.5365613929971005,2048
625,814.0,1.0,625,5,0.5372372769998037,2048
626,815.0,1.0,626,5,0.5379196849971777,2048
627,816.0,1.0,627,5,0.5386656830014545,2048
628,817.0,1.0,628,5,0.5393591269967146,2048
629,818.0,1.0,629,5,0.5400482420009212,2048
630,819.0,1.0,630,5,0.540733536996413,2048
631,820.0,1.0,631,5,0.5414459219973651,2048
632,821.0,1.0,632,5,0.542166808998445,2048
633,822.0,1.0,633,5,0.5428726949976408,2048
634,823.0,1.0,634,5,0.54356387599546,2048
635,824.0,1.0,635,5,0.5442499040000257,2048
636,825.0,1.0,636,5,0.5449425279948628,2048
637,826.0,1.0,637,5,0.545633365996764,2048
638,827.0,1.0,638,5,0.5463409289950505,2048
639,828.0,1.0,639,5,0.5470353229975444,2048
640,829.0,1.0,640,5,0.547727886994835,2048
641,830.0,1.0,641,5,0.5484195460012415,2048
642,831.0,1.0,642,5,0.5491026089948718,2048
643,832.0,1.0,643,5,0.5497970079959487,2048
644,833.0,1.0,644,5,0.5505184219946386,2048
645,834.0,1.0,645,5,0.5512074680009391,2048
646,835.0,1.0,646,5,0.5519035039978917,2048
647,836.0,1.0,647,5,0.5525974379997933,2048
648,837.0,1.0,648,5,0.5532916149968514,2048
649,838.0,1.0,649,5,0.5539839619959821,2048
650,839.0,1.0,650,5,0.5546949019990279,2048
651,840.0,1.0,651,5,0.5553898450016277,2048
652,841.0,1.0,652,5,0.5560735819963156,2048
653,842.0,1.0,653,5,0.5567695249992539,2048
654,843.0,1.0,654,5,0.5574636640012613,2048
655,844.0,1.0,655,5,0.5581764289963758,2048
656,845.0,1.0,656,5,0.5588866489997599,2048
657,846.0,1.0,657,5,0.5595891089978977,2048
658,847.0,1.0,658,5,0.560303574995487,2048
659,848.0,1.0,659,5,0.5609956350017455,2048
660,849.0,1.0,660,5,0.5616997639954207,2048
661,850.0,1.0,661,5,0.5624394970000139,2048
662,851.0,1.0,662,5,0.5631361330015352,2048
663,852.0,1.0,663,5,0.5638454209984047,2048
664,853.0,1.0,664,5,0.5645482979962253,2048
665,854.0,1.0,665,5,0.5652450669949758,2048
666,855.0,1.0,666,5,0.5659593349992065,2048
667,856.0,1.0,667,5,0.5666786090005189,2048
668,857.0,1.0,668,5,0.5673821529999259,2048
669,858.0,1.0,669,5,0.5680757709997124,2048
670,859.0,1.0,670,5,0.5687821739993524,2048
671,860.0,1.0,671,5,0.5694894159969408,2048
672,861.0,1.0,672,5,0.5702191480013425,2048
673,862.0,1.0,673,5,0.5709310390011524,2048
674,863.0,1.0,674,5,0.5716501689967117,2048
675,864.0,1.0,675,5,0.5723573200011742,2048
676,865.0,1.0,676,5,0.573052405998169,2048
677,866.0,1.0,677,5,0.5737573910009814,2048
678,867.0,1.0,678,5,0.5744806719958433,2048
679,868.0,1.0,679,5,0.5751811869995436,2048
680,869.0,1.0,680,5,0.5759030310000526,2048
681,870.0,1.0,681,5,0.5766191299990169,2048
682,871.0,1.0,682,5,0.5773237589964992,2048
683,872.0,1.0,683,5,0.5780185719995643,2048
684,873.0,1.0,684,5,0.5787409190015751,2048
685,874.0,1.0,685,5,0.5794509269981063,2048
686,875.0,1.0,686,5,0.5801590639966889,2048
687,876.0,1.0,687,5,0.5808725559982122,2048
688,877.0,1.0,688,5,0.5815824969977257,2048
689,878.0,1.0,689,5,0.5823183440006687,2048
690,879.0,1.0,690,5,0.5830383629945572,2048
691,880.0,1.0,691,5,0.5837561419975827,2048
692,881.0,1.0,692,5,0.5844741019973299,2048
693,882.0,1.0,693,5,0.585184842995659,2048
694,883.0,1.0,694,5,0.5858967099993606,2048
695,884.0,1.0,695,5,0.5866302419963176,2048
696,885.0,1.0,696,5,0.5873509739976726,2048
697,886.0,1.0,697,5,0.5880614039997454,2048
698,887.0,1.0,698,5,0.5887731100010569,2048
699,888.0,1.0,699,5,0.5894929649948608,2048
700,889.0,1.0,700,5,0.5902274959953502,2048
701,890.0,1.0,701,5,0.5909522989968536,2048
702,891.0,1.0,702,5,0.5916711289974046,2048
703,892.0,1.0,703,5,0.5923854770007893,2048
704,893.0,1.0,704,5,0.5931101370006218,2048
705,894.0,1.0,705,5,0.5938433810006245,2048
706,895.0,1.0,706,5,0.5946081309957663,2048
707,896.0,1.0,707,5,0.5953354039957048,2048
708,897.0,1.0,708,5,0.5960510279983282,2048
709,898.0,1.0,709,5,0.5967729289986892,2048
710,899.0,1.0,710,5,0.5974933260004036,2048
711,900.0,1.0,711,5,0.5982277279981645,2048
712,901.0,1.0,712,5,0.5989493919987581,2048
713,902.0,1.0,713,5,0.5996756269960315,2048
714,903.0,1.0,714,5,0.6004005069989944,2048
715,904.0,1.0,715,5,0.6011212099983823,2048
716,905.0,1.0,716,5,0.6018519939971156,2048
717,906.0,1.0,717,5,0.6026217429971439,2048
718,907.0,1.0,718,5,0.6033524459999171,2048
719,908.0,1.0,719,5,0.6040717249998124,2048
720,909.0,1.0,720,5,0.6047985409968533,2048
721,910.0,1.0,721,5,0.6055496150002,2048
722,911.0,1.0,722,5,0.6063048840005649,2048
723,912.0,1.0,723,5,0.6070550789954723,2048
724,913.0,1.0,724,5,0.607781097998668,2048
725,914.0,1.0,725,5,0.6085020300015458,2048
726,915.0,1.0,726,5,0.6092220799982897,2048
727,916.0,1.0,727,5,0.6099564909964101,2048
728,917.0,1.0,728,5,0.6107074530009413,2048
729,918.0,1.0,729,5,0.6114351270007319,2048
730,919.0,1.0,730,5,0.6121620769990841,2048
731,920.0,1.0,731,5,0.6128819299992756,2048
732,921.0,1.0,732,5,0.6136115369954496,2048
733,922.0,1.0,733,5,0.6143586589969345,2048
734,923.0,1.0,734,5,0.6150852719947579,2048
735,924.0,1.0,735,5,0.6158177190009155,2048
736,925.0,1.0,736,5,0.6165488810001989,2048
737,926.0,1.0,737,5,0.6172726209988468,2048
738,927.0,1.0,738,5,0.6180011019969243,2048
739,928.0,1.0,739,5,0.618752719994518,2048
740,929.0,1.0,740,5,0.6194828000006964,2048
741,930.0,1.0,741,5,0.62021602599998,2048
742,931.0,1.0,742,5,0.6209486709994962,2048
743,932.0,1.0,743,5,0.6216750620005769,2048
744,933.0,1.0,744,5,0.6224355869999272,2048
745,934.0,1.0,745,5,0.6231640510013676,2048
746,935.0,1.0,746,5,0.6239001219946658,2048
747,936.0,1.0,747,5,0.6246377439965727,2048
748,937.0,1.0,748,5,0.625372600996343,2048
749,938.0,1.0,749,5,0.6261372910012142,2048
750,939.0,1.0,750,5,0.6268816429947037,2048
751,940.0,1.0,751,5,0.6276124520009034,2048
752,942.0,1.0,752,5,0.6287507339948206,2048
753,943.0,1.0,753,5,0.6294869339981233,2048
754,944.0,1.0,754,5,0.630241473998467,2048
755,945.0,1.0,755,5,0.6309852010017494,2048
756,946.0,1.0,756,5,0.6317217609976069,2048
757,947.0,1.0,757,5,0.6324525269956212,2048
758,948.0,1.0,758,5,0.6331886459956877,2048
759,949.0,1.0,759,5,0.6339800329951686,2048
760,950.0,1.0,760,5,0.6347590730001684,2048
761,951.0,1.0,761,5,0.635504805999517,2048
762,952.0,1.0,762,5,0.6362349240007461,2048
763,953.0,1.0,763,5,0.6369734869949752,2048
764,955.0,1.0,764,5,0.6381309149946901,2048
765,956.0,1.0,765,5,0.6388793459991575,2048
766,957.0,1.0,766,5,0.6396230309983366,2048
767,958.0,1.0,767,5,0.6403796079976019,2048
768,959.0,1.0,768,5,0.6411199479989591,2048
769,960.0,1.0,769,5,0.6418564220002736,2048
770,961.0,1.0,770,5,0.6426279840015923,2048
771,962.0,1.0,771,5,0.6433778149948921,2048
772,963.0,1.0,772,5,0.6441219010011991,2048
773,964.0,1.0,773,5,0.6448769709968474,2048
774,965.0,1.0,774,5,0.6456257190002361,2048
775,966.0,1.0,775,5,0.6463786460008123,2048
776,968.0,1.0,776,5,0.6475264459950267,2048
777,969.0,1.0,777,5,0.6482948319971911,2048
778,970.0,1.0,778,5,0.6490378059970681,2048
779,971.0,1.0,779,5,0.6497934399958467,2048
780,972.0,1.0,780,5,0.6505570709996391,2048
781,973.0,1.0,781,5,0.6513074569957098,2048
782,974.0,1.0,782,5,0.6520495430013398,2048
783,975.0,1.0,783,5,0.6527923729954637,2048
784,976.0,1.0,784,5,0.6535350769991055,2048
785,977.0,1.0,785,5,0.6542897569961497,2048
786,978.0,1.0,786,5,0.6550369309989037,2048
787,979.0,1.0,787,5,0.6557849070013617,2048
788,980.0,1.0,788,5,0.6565339840017259,2048
789,981.0,1.0,789,5,0.6572848369978601,2048
790,982.0,1.0,790,5,0.6580271759958123,2048
791,983.0,1.0,791,5,0.658790315996157,2048
792,984.0,1.0,792,5,0.6595378199999686,2048
793,985.0,1.0,793,5,0.6602916900010314,2048
794,986.0,1.0,794,5,0.661033194999618,2048
795,987.0,1.0,795,5,0.6618461809994187,2048
796,988.0,1.0,796,5,0.6626652880004258,2048
797,989.0,1.0,797,5,0.6634269649948692,2048
798,990.0,1.0,798,5,0.6641740699997172,2048
799,991.0,1.0,799,5,0.6649285839957884,2048
800,992.0,1.0,800,5,0.6656849649953074,2048
801,993.0,1.0,801,5,0.6664644080010476,2048
802,994.0,1.0,802,5,0.6672166709977319,2048
803,995.0,1.0,803,5,0.6679681030000211,2048
804,996.0,1.0,804,5,0.6687220269959653,2048
805,997.0,1.0,805,5,0.6695068839981104,2048
806,998.0,1.0,806,5,0.6703064559987979,2048
807,999.0,1.0,807,5,0.6710684549980215,2048
808,1000.0,1.0,808,5,0.67183371399733,2048
809,1001.0,1.0,809,5,0.6725895829949877,2048
810,1002.0,1.0,810,5,0.6733434499983559,2048
811,1003.0,1.0,811,5,0.6741068689952954,2048
812,1004.0,1.0,812,5,0.6748720159957884,2048
813,1005.0,1.0,813,5,0.6756327139955829,2048
814,1006.0,1.0,814,5,0.6763915349947638,2048
815,1007.0,1.0,815,5,0.677143271001114,2048
816,1008.0,1.0,816,5,0.6779035639992799,2048
817,1009.0,1.0,817,5,0.6787591100001009,2048
818,1010.0,1.0,818,5,0.6795335749993683,2048
819,1011.0,1.0,819,5,0.6803044830012368,2048
820,1012.0,1.0,820,5,0.6810654209984932,2048
821,1013.0,1.0,821,5,0.6818352970003616,2048
822,1014.0,1.0,822,5,0.6826387769979192,2048
823,1015.0,1.0,823,5,0.6834119349950925,2048
824,1016.0,1.0,824,5,0.684178161995078,2048
825,1017.0,1.0,825,5,0.6849480789969675,2048
826,1018.0,1.0,826,5,0.685723192000296,2048
827,1019.0,1.0,827,5,0.6865121800001361,2048
828,1020.0,1.0,828,5,0.6872849479987053,2048
829,1021.0,1.0,829,5,0.6880444199996418,2048
830,1022.0,1.0,830,5,0.6888127959973644,2048
831,1023.0,1.0,831,5,0.6895724989954033,2048
832,1024.0,1.0,832,5,0.6903544689994305,2048
833,1025.0,1.0,833,5,0.6911153479959466,2048
834,1026.0,1.0,834,5,0.6918886290004593,2048
835,1027.0,1.0,835,5,0.6926540419954108,2048
836,1028.0,1.0,836,5,0.693418238995946,2048
837,1029.0,1.0,837,5,0.694192523995298,2048
838,1030.0,1.0,838,5,0.6949694329960039,2048
839,1031.0,1.0,839,5,0.6957640990003711,2048
840,1032.0,1.0,840,5,0.6965426699971431,2048
841,1033.0,1.0,841,5,0.697321911000472,2048
842,1034.0,1.0,842,5,0.6980989379953826,2048
843,1035.0,1.0,843,5,0.6988759230007418,2048
844,1036.0,1.0,844,5,0.6996560059997137,2048
845,1037.0,1.0,845,5,0.700425932998769,2048
846,1038.0,1.0,846,5,0.7011859599952004,2048
847,1039.0,1.0,847,5,0.7019541379995644,2048
848,1040.0,1.0,848,5,0.7027615400002105,2048
849,1041.0,1.0,849,5,0.7035421949985903,2048
850,1042.0,1.0,850,5,0.7043109779988299,2048
851,1043.0,1.0,851,5,0.7050774939998519,2048
852,1044.0,1.0,852,5,0.7058478069957346,2048
853,1045.0,1.0,853,5,0.7066399479954271,2048
854,1046.0,1.0,854,5,0.7074142259953078,2048
855,1047.0,1.0,855,5,0.7081852249975782,2048
856,1048.0,1.0,856,5,0.7089555639977334,2048
857,1049.0,1.0,857,5,0.7097338599996874,2048
858,1050.0,1.0,858,5,0.7105266579965246,2048
859,1051.0,1.0,859,5,0.7113094519954757,2048
860,1052.0,1.0,860,5,0.7120810659980634,2048
861,1053.0,1.0,861,5,0.7128604499957873,2048
862,1054.0,1.0,862,5,0.7136447029988631,2048
863,1055.0,1.0,863,5,0.7144487359983032,2048
864,1056.0,1.0,864,5,0.7152299669978675,2048
865,1057.0,1.0,865,5,0.7160217790005845,2048
866,1058.0,1.0,866,5,0.7168032479967223,2048
867,1059.0,1.0,867,5,0.7175814239963074,2048
868,1060.0,1.0,868,5,0.7183824050007388,2048
869,1061.0,1.0,869,5,0.719165479997173,2048
870,1062.0,1.0,870,5,0.7199537759952364,2048
871,1063.0,1.0,871,5,0.7207369999960065,2048
872,1064.0,1.0,872,5,0.7215199989950634,2048
873,1065.0,1.0,873,5,0.7223306429950753,2048
874,1066.0,1.0,874,5,0.7231208099983633,2048
875,1067.0,1.0,875,5,0.7239134029950947,2048
876,1068.0,1.0,876,5,0.7247007309997571,2048
877,1069.0,1.0,877,5,0.7254873079946265,2048
878,1070.0,1.0,878,5,0.7262847669990151,2048
879,1071.0,1.0,879,5,0.727060443998198,2048
880,1072.0,1.0,880,5,0.727839747996768,2048
881,1073.0,1.0,881,5,0.7286664720013505,2048
882,1074.0,1.0,882,5,0.7294605759961996,2048
883,1075.0,1.0,883,5,0.7302770979949855,2048
884,1076.0,1.0,884,5,0.7310630659994786,2048
885,1077.0,1.0,885,5,0.7318539719999535,2048
886,1078.0,1.0,886,5,0.7326532929946552,2048
887,1079.0,1.0,887,5,0.7334560570016038,2048
888,1080.0,1.0,888,5,0.7342553839989705,2048
889,1081.0,1.0,889,5,0.7350454260013066,2048
890,1082.0,1.0,890,5,0.735828215998481,2048
891,1083.0,1.0,891,5,0.7366181789984694,2048
892,1084.0,1.0,892,5,0.7374073159953696,2048
893,1085.0,1.0,893,5,0.7382069640007103,2048
894,1086.0,1.0,894,5,0.7390000199957285,2048
895,1087.0,1.0,895,5,0.7398031979973894,2048
896,1088.0,1.0,896,5,0.7405963189958129,2048
897,1089.0,1.0,897,5,0.7413795629981905,2048
898,1090.0,1.0,898,5,0.7421837270012475,2048
899,1091.0,1.0,899,5,0.74298959600128,2048
900,1092.0,1.0,900,5,0.7437813129945425,2048
901,1093.0,1.0,901,5,0.7445726020014263,2048
902,1094.0,1.0,902,5,0.7453684059946681,2048
903,1095.0,1.0,903,5,0.7461844709978322,2048
904,1096.0,1.0,904,5,0.7469920379953692,2048
905,1097.0,1.0,905,5,0.7477857259946177,2048
906,1098.0,1.0,906,5,0.7485752270004014,2048
907,1099.0,1.0,907,5,0.7493679879989941,2048
908,1100.0,1.0,908,5,0.7501917379995575,2048
909,1101.0,1.0,909,5,0.7509862160004559,2048
910,1102.0,1.0,910,5,0.75177330099541,2048
911,1103.0,1.0,911,5,0.7525653409975348,2048
912,1104.0,1.0,912,5,0.75336680199689,2048
913,1105.0,1.0,913,5,0.754187919999822,2048
914,1106.0,1.0,914,5,0.7549972279957728,2048
915,1107.0,1.0,915,5,0.7557985879975604,2048
916,1108.0,1.0,916,5,0.7566150040001958,2048
917,1109.0,1.0,917,5,0.7574100970014115,2048
918,1111.0,1.0,918,5,0.7586306239973055,2048
919,1112.0,1.0,919,5,0.7594349649953074,2048
920,1113.0,1.0,920,5,0.7602291009970941,2048
921,1114.0,1.0,921,5,0.7610291029996006,2048
922,1115.0,1.0,922,5,0.7618247649952536,2048
923,1116.0,1.0,923,5,0.7626597159978701,2048
924,1117.0,1.0,924,5,0.76346726599877,2048
925,1118.0,1.0,925,5,0.764259135001339,2048
926,1119.0,1.0,926,5,0.7650644870009273,2048
927,1120.0,1.0,927,5,0.7658659149965388,2048
928,1121.0,1.0,928,5,0.7666810379960225,2048
929,1122.0,1.0,929,5,0.7674896989992703,2048
930,1123.0,1.0,930,5,0.7682951120004873,2048
931,1124.0,1.0,931,5,0.76909076100128,2048
932,1125.0,1.0,932,5,0.7698990549979499,2048
933,1126.0,1.0,933,5,0.7707249269951717,2048
934,1127.0,1.0,934,5,0.7715262909987359,2048
935,1128.0,1.0,935,5,0.7723301779988105,2048
936,1129.0,1.0,936,5,0.7731375139992451,2048
937,1130.0,1.0,937,5,0.7739431939990027,2048
938,1131.0,1.0,938,5,0.7747677869992913,2048
939,1132.0,1.0,939,5,0.7755736830004025,2048
940,1133.0,1.0,940,5,0.7763761979949777,2048
941,1135.0,1.0,941,5,0.7775860979963909,2048
942,1136.0,1.0,942,5,0.7784174759945017,2048
943,1137.0,1.0,943,5,0.7792262729999493,2048
944,1138.0,1.0,944,5,0.7800371769990306,2048
945,1139.0,1.0,945,5,0.7808522849954898,2048
946,1140.0,1.0,946,5,0.7816686689984635,2048
947,1141.0,1.0,947,5,0.7825244560008286,2048
948,1142.0,1.0,948,5,0.7833388450017083,2048
949,1143.0,1.0,949,5,0.7841409159955219,2048
950,1144.0,1.0,950,5,0.7849501119999331,2048
951,1145.0,1.0,951,5,0.7857575499947416,2048
952,1146.0,1.0,952,5,0.7865927269958775,2048
953,1147.0,1.0,953,5,0.7874023359981948,2048
954,1148.0,1.0,954,5,0.7882106170000043,2048
955,1149.0,1.0,955,5,0.7890191330006928,2048
956,1151.0,1.0,956,5,0.7902568439967581,2048
957,1152.0,1.0,957,5,0.7910751980016357,2048
958,1153.0,1.0,958,5,0.79188515599526,2048
959,1154.0,1.0,959,5,0.7926968929969007,2048
960,1155.0,1.0,960,5,0.7935035519985831,2048
961,1156.0,1.0,961,5,0.7943234150006901,2048
962,1157.0,1.0,962,5,0.7951338380007655,2048
963,1158.0,1.0,963,5,0.7959459490011795,2048
964,1159.0,1.0,964,5,0.7967707790012355,2048
965,1160.0,1.0,965,5,0.797594568997738,2048
966,1161.0,1.0,966,5,0.7984298109950032,2048
967,1162.0,1.0,967,5,0.7992449299999862,2048
968,1163.0,1.0,968,5,0.8000704910009517,2048
969,1164.0,1.0,969,5,0.8008881079949788,2048
970,1165.0,1.0,970,5,0.8017065909953089,2048
971,1166.0,1.0,971,5,0.8025654869998107,2048
972,1167.0,1.0,972,5,0.8033858060007333,2048
973,1168.0,1.0,973,5,0.8041959359979955,2048
974,1169.0,1.0,974,5,0.8050166809989605,2048
975,1170.0,1.0,975,5,0.8058289339969633,2048
976,1171.0,1.0,976,5,0.8066715699969791,2048
977,1172.0,1.0,977,5,0.8074969289955334,2048
978,1173.0,1.0,978,5,0.8083186149960966,2048
979,1174.0,1.0,979,5,0.8091280099979485,2048
980,1175.0,1.0,980,5,0.8099486380015151,2048
981,1176.0,1.0,981,5,0.8107899239985272,2048
982,1177.0,1.0,982,5,0.8116105399967637,2048
983,1178.0,1.0,983,5,0.812432266997348,2048
984,1179.0,1.0,984,5,0.8132483949957532,2048
985,1180.0,1.0,985,5,0.8140687979976065,2048
986,1181.0,1.0,986,5,0.8149152589976438,2048
987,1182.0,1.0,987,5,0.8157374590009567,2048
988,1183.0,1.0,988,5,0.8165574570011813,2048
989,1184.0,1.0,989,5,0.8173817679999047,2048
990,1185.0,1.0,990,5,0.8182131319990731,2048
991,1186.0,1.0,991,5,0.8190544829994906,2048
992,1187.0,1.0,992,5,0.8198908279955504,2048
993,1188.0,1.0,993,5,0.8207175269999425,2048
994,1189.0,1.0,994,5,0.8215483099993435,2048
995,1190.0,1.0,995,5,0.8224126349959988,2048
996,1191.0,1.0,996,5,0.8232439759958652,2048
997,1192.0,1.0,997,5,0.824076144999708,2048
998,1193.0,1.0,998,5,0.8249012089945609,2048
999,1194.0,1.0,999,5,0.8257378179987427,2048
1000,1195.0,1.0,1000,5,0.826692363996699,2048
1001,1196.0,1.0,1001,5,0.8276681019997341,2048
1002,1197.0,1.0,1002,5,0.828521137998905,2048
1003,1198.0,1.0,1003,5,0.829348512001161,2048
1004,1199.0,1.0,1004,5,0.8302106299961451,2048
1005,1200.0,1.0,1005,5,0.8310609049949562,2048
1006,1201.0,1.0,1006,5,0.8318968710009358,2048
1007,1202.0,1.0,1007,5,0.8327296499992372,2048
1008,1203.0,1.0,1008,5,0.8335704029959743,2048
1009,1204.0,1.0,1009,5,0.834419569997408,2048
1010,1205.0,1.0,1010,5,0.8352722950003226,2048
1011,1206.0,1.0,1011,5,0.8361027380015003,2048
1012,1208.0,1.0,1012,5,0.8373490279991529,2048
1013,1209.0,1.0,1013,5,0.8381968959947699,2048
1014,1210.0,1.0,1014,5,0.8390498199951253,2048
1015,1211.0,1.0,1015,5,0.8398922339983983,2048
1016,1212.0,1.0,1016,5,0.8407331150010577,2048
1017,1213.0,1.0,1017,5,0.8415726219973294,2048
1018,1214.0,1.0,1018,5,0.8424478999950225,2048
1019,1215.0,1.0,1019,5,0.8432990169967525,2048
1020,1216.0,1.0,1020,5,0.844133767997846,2048
1021,1217.0,1.0,1021,5,0.8449759989962331,2048
1022,1218.0,1.0,1022,5,0.8458088199986378,2048
1023,1219.0,1.0,1023,5,0.8466732739980216,2048
1024,1220.0,1.0,1024,5,0.8475164830015274,2048
1025,1221.0,1.0,1025,5,0.8692574149972643,2048
1026,1222.0,1.0,1026,5,0.870152985000459,2048
1027,1223.0,1.0,1027,5,0.871020063998003,2048
1028,1224.0,1.0,1028,5,0.8718676299977233,2048
1029,1225.0,1.0,1029,5,0.8727217509949696,2048
1030,1226.0,1.0,1030,5,0.8735763829972711,2048
1031,1227.0,1.0,1031,5,0.874438596998516,2048
1032,1228.0,1.0,1032,5,0.8752963250008179,2048
1033,1229.0,1.0,1033,5,0.8761441960014054,2048
1034,1230.0,1.0,1034,5,0.8769843249974656,2048
1035,1231.0,1.0,1035,5,0.8778243429987924,2048
1036,1232.0,1.0,1036,5,0.8787130429991521,2048
1037,1233.0,1.0,1037,5,0.8795653689958272,2048
1038,1234.0,1.0,1038,5,0.8804056669978308,2048
1039,1235.0,1.0,1039,5,0.8812589279987151,2048
1040,1236.0,1.0,1040,5,0.8821418160005123,2048
1041,1237.0,1.0,1041,5,0.8830099159968086,2048
1042,1238.0,1.0,1042,5,0.883858135995979,2048
1043,1239.0,1.0,1043,5,0.8847069159965031,2048
1044,1240.0,1.0,1044,5,0.8855614939966472,2048
1045,1241.0,1.0,1045,5,0.8864277719985694,2048
1046,1242.0,1.0,1046,5,0.887288500998693,2048
1047,1243.0,1.0,1047,5,0.8881490069979918,2048
1048,1244.0,1.0,1048,5,0.8890002219995949,2048
1049,1245.0,1.0,1049,5,0.8898608579984284,2048
1050,1246.0,1.0,1050,5,0.8907417320006061,2048
1051,1247.0,1.0,1051,5,0.8915995919960551,2048
1052,1248.0,1.0,1052,5,0.8924408859966206,2048
1053,1249.0,1.0,1053,5,0.8932939799997257,2048
1054,1250.0,1.0,1054,5,0.8941663399964455,2048
1055,1251.0,1.0,1055,5,0.8950242509963573,2048
1056,1252.0,1.0,1056,5,0.8958754929990391,2048
1057,1253.0,1.0,1057,5,0.8967308739956934,2048
1058,1254.0,1.0,1058,5,0.897587385996303,2048
1059,1255.0,1.0,1059,5,0.8984543839978869,2048
1060,1256.0,1.0,1060,5,0.8993168829983915,2048
1061,1257.0,1.0,1061,5,0.9001723459950881,2048
1062,1259.0,1.0,1062,5,0.901427215001604,2048
1063,1260.0,1.0,1063,5,0.9023148579944973,2048
1064,1261.0,1.0,1064,5,0.9031987639973522,2048
1065,1262.0,1.0,1065,5,0.9040518920010072,2048
1066,1263.0,1.0,1066,5,0.9049036739961593,2048
1067,1264.0,1.0,1067,5,0.9057562919988413,2048
1068,1265.0,1.0,1068,5,0.9066318359982688,2048
1069,1266.0,1.0,1069,5,0.9075005479971878,2048
1070,1267.0,1.0,1070,5,0.9083523009976489,2048
1071,1268.0,1.0,1071,5,0.9092091299971798,2048
1072,1269.0,1.0,1072,5,0.9100705659948289,2048
1073,1270.0,1.0,1073,5,0.9109613030013861,2048
1074,1271.0,1.0,1074,5,0.9118236979993526,2048
1075,1272.0,1.0,1075,5,0.9126818949953304,2048
1076,1273.0,1.0,1076,5,0.9135365889960667,2048
1077,1274.0,1.0,1077,5,0.9144020460007596,2048
1078,1275.0,1.0,1078,5,0.915268771997944,2048
1079,1277.0,1.0,1079,5,0.9165415909956209,2048
1080,1278.0,1.0,1080,5,0.9174020909995306,2048
1081,1279.0,1.0,1081,5,0.9182778559988947,2048
1082,1280.0,1.0,1082,5,0.9191543900014949,2048
1083,1281.0,1.0,1083,5,0.9200275330003933,2048
1084,1282.0,1.0,1084,5,0.9208941850010888,2048
1085,1283.0,1.0,1085,5,0.9217599249968771,2048
1086,1284.0,1.0,1086,5,0.9226706289991853,2048
1087,1285.0,1.0,1087,5,0.923545245997957,2048
1088,1286.0,1.0,1088,5,0.924408715996833,2048
1089,1287.0,1.0,1089,5,0.9252695449977182,2048
1090,1288.0,1.0,1090,5,0.9261500559950946,2048
1091,1289.0,1.0,1091,5,0.9270253209979273,2048
1092,1290.0,1.0,1092,5,0.9279050539989839,2048
1093,1291.0,1.0,1093,5,0.9287761329978821,2048
1094,1292.0,1.0,1094,5,0.9296474529983243,2048
1095,1293.0,1.0,1095,5,0.9305337999976473,2048
1096,1294.0,1.0,1096,5,0.931395319996227,2048
1097,1296.0,1.0,1097,5,0.932677798999066,2048
1098,1297.0,1.0,1098,5,0.9335443939999095,2048
1099,1298.0,1.0,1099,5,0.9344143839989556,2048
1100,1299.0,1.0,1100,5,0.9352945029968396,2048
1101,1300.0,1.0,1101,5,0.9361609209954622,2048
1102,1301.0,1.0,1102,5,0.937025523999182,2048
1103,1302.0,1.0,1103,5,0.9378871480002999,2048
1104,1303.0,1.0,1104,5,0.938780639997276,2048
1105,1304.0,1.0,1105,5,0.9396542109971051,2048
1106,1305.0,1.0,1106,5,0.9405174339990481,2048
1107,1306.0,1.0,1107,5,0.9413781429975643,2048
1108,1307.0,1.0,1108,5,0.9423594229956507,2048
1109,1308.0,1.0,1109,5,0.9432463529956294,2048
1110,1309.0,1.0,1110,5,0.944115755999519,2048
1111,1310.0,1.0,1111,5,0.9449894110002788,2048
1112,1311.0,1.0,1112,5,0.9458582029983518,2048
1113,1312.0,1.0,1113,5,0.9467396299951361,2048
1114,1313.0,1.0,1114,5,0.9476088779993006,2048
1115,1314.0,1.0,1115,5,0.9484805109968875,2048
1116,1315.0,1.0,1116,5,0.9493421769948327,2048
1117,1316.0,1.0,1117,5,0.9502305479982169,2048
1118,1317.0,1.0,1118,5,0.9511154009960592,2048
1119,1318.0,1.0,1119,5,0.9519866699993145,2048
1120,1319.0,1.0,1120,5,0.9528597399985301,2048
1121,1320.0,1.0,1121,5,0.9537448959963513,2048
1122,1321.0,1.0,1122,5,0.9546415410004556,2048
1123,1322.0,1.0,1123,5,0.955516568996245,2048
1124,1323.0,1.0,1124,5,0.9563862130016787,2048
1125,1324.0,1.0,1125,5,0.9572608570015291,2048
1126,1325.0,1.0,1126,5,0.9581515929967281,2048
1127,1326.0,1.0,1127,5,0.9590290339983767,2048
1128,1327.0,1.0,1128,5,0.959906014999433,2048
1129,1328.0,1.0,1129,5,0.96078664399829,2048
1130,1329.0,1.0,1130,5,0.9616598009961308,2048
1131,1330.0,1.0,1131,5,0.9625706750011886,2048
1132,1331.0,1.0,1132,5,0.9634554639997077,2048
1133,1332.0,1.0,1133,5,0.9643319280003197,2048
1134,1333.0,1.0,1134,5,0.9652135259966599,2048
1135,1334.0,1.0,1135,5,0.9661072919989238,2048
1136,1335.0,1.0,1136,5,0.9670011749985861,2048
1137,1336.0,1.0,1137,5,0.9678814189974219,2048
1138,1337.0,1.0,1138,5,0.9687580309982877,2048
1139,1338.0,1.0,1139,5,0.969639801995072,2048
1140,1339.0,1.0,1140,5,0.9705464629951166,2048
1141,1340.0,1.0,1141,5,0.9714864419947844,2048
1142,1341.0,1.0,1142,5,0.9724600330009707,2048
1143,1342.0,1.0,1143,5,0.9734369379948475,2048
1144,1343.0,1.0,1144,5,0.9743523409997579,2048
1145,1344.0,1.0,1145,5,0.9752502859992092,2048
1146,1345.0,1.0,1146,5,0.9761415440007113,2048
1147,1346.0,1.0,1147,5,0.9770284369951696,2048
1148,1347.0,1.0,1148,5,0.9779098809958668,2048
1149,1348.0,1.0,1149,5,0.9788190389954252,2048
1150,1349.0,1.0,1150,5,0.979712845000904,2048
1151,1350.0,1.0,1151,5,0.9806027449958492,2048
1152,1351.0,1.0,1152,5,0.9814894369992544,2048
1153,1352.0,1.0,1153,5,0.9823985010007164,2048
1154,1353.0,1.0,1154,5,0.9832939589978196,2048
1155,1354.0,1.0,1155,5,0.984189091999724,2048
1156,1355.0,1.0,1156,5,0.9850832509982865,2048
1157,1356.0,1.0,1157,5,0.9859727799994289,2048
1158,1357.0,1.0,1158,5,0.9868786389997695,2048
1159,1358.0,1.0,1159,5,0.9877662819999387,2048
1160,1359.0,1.0,1160,5,0.9887018689987599,2048
1161,1360.0,1.0,1161,5,0.9895960840003681,2048
1162,1361.0,1.0,1162,5,0.9905219649954233,2048
1163,1362.0,1.0,1163,5,0.9914234309981111,2048
1164,1363.0,1.0,1164,5,0.9923200229968643,2048
1165,1364.0,1.0,1165,5,0.9932133229958708,2048
1166,1365.0,1.0,1166,5,0.9941234639991308,2048
1167,1366.0,1.0,1167,5,0.9950300169948605,2048
1168,1367.0,1.0,1168,5,0.9959285799995996,2048
1169,1368.0,1.0,1169,5,0.9968235220003407,2048
1170,1369.0,1.0,1170,5,0.9977302139959647,2048
1171,1370.0,1.0,1171,5,0.9986450840006,2048
1172,1371.0,1.0,1172,5,0.9995431089992053,2048
1173,1372.0,1.0,1173,5,1.0004357549987617,2048
1174,1373.0,1.0,1174,5,1.0013296229953994,2048
1175,1374.0,1.0,1175,5,1.002252641999803,2048
1176,1375.0,1.0,1176,5,1.003156858998409,2048
1177,1376.0,1.0,1177,5,1.0040595069949632,2048
1178,1377.0,1.0,1178,5,1.004953220995958,2048
1179,1378.0,1.0,1179,5,1.0058502100000624,2048
1180,1379.0,1.0,1180,5,1.006774656001653,2048
1181,1380.0,1.0,1181,5,1.0076846390002174,2048
1182,1381.0,1.0,1182,5,1.008591683996201,2048
1183,1382.0,1.0,1183,5,1.0094912689964985,2048
1184,1383.0,1.0,1184,5,1.0104221369983861,2048
1185,1384.0,1.0,1185,5,1.0113340349998907,2048
1186,1385.0,1.0,1186,5,1.0122310430015204,2048
1187,1386.0,1.0,1187,5,1.0131311559962342,2048
1188,1387.0,1.0,1188,5,1.0140463459974853,2048
1189,1388.0,1.0,1189,5,1.0149655310015078,2048
1190,1389.0,1.0,1190,5,1.0158682190012769,2048
1191,1390.0,1.0,1191,5,1.0167805599994608,2048
1192,1391.0,1.0,1192,5,1.017685665996396,2048
1193,1392.0,1.0,1193,5,1.0186096739998902,2048
1194,1393.0,1.0,1194,5,1.019519000998116,2048
1195,1394.0,1.0,1195,5,1.0204167330011842,2048
1196,1395.0,1.0,1196,5,1.021319023995602,2048
1197,1396.0,1.0,1197,5,1.022249836998526,2048
1198,1397.0,1.0,1198,5,1.023169970001618,2048
1199,1398.0,1.0,1199,5,1.024078800001007,2048
1200,1399.0,1.0,1200,5,1.0249906850003754,2048
1201,1400.0,1.0,1201,5,1.0258969299975433,2048
1202,1401.0,1.0,1202,5,1.0268282190008904,2048
1203,1402.0,1.0,1203,5,1.02773597399937,2048
1204,1404.0,0.0,1204,5,1.0290415039999061,2048
